ID_Mahasiswa;Gender;IPS_Sem1;IPS_Sem2;IPS_Sem3;IPS_Sem4;Total_SKS_Ambil;Total_SKS_Lulus;Nilai_Matkul_Killer;Jml_Mengulang;Status_Beasiswa;Bekerja;Label_Lulus
MHS001;0;2.724.882.755.418.020;32.577.165.362.252.000;32.369.304.168.724.100;36.842.250.616.328.700;144;134;4;4;1;1;1
MHS002;1;27.586.906.017.759.900;3.082.082.409.920.360;3.116.547.619.529.870;305.899.730.617.175;71;44;1;0;1;1;1
MHS003;1;2.0;33.017.206.125.190.600;28.744.780.159.571.100;2.918.066.441.752.610;131;113;4;3;1;0;1
MHS004;0;32.085.055.548.315.800;34.162.309.285.605.700;2.853.300.426.820.660;29.850.807.153.201.200;129;116;2;1;0;1;1
MHS005;0;26.254.617.382.783.200;2.610.808.996.454.550;3.474.421.428.859.500;3.790.425.293.019.510;77;63;3;5;0;1;1
MHS006;1;2.367.440.443.038.670;35.459.961.321.788.300;4.0;35.968.198.621.411.500;123;95;3;1;1;1;1
MHS007;1;3.349.199.470.665.860;29.141.855.823.867.900;2.546.406.709.926.300;3.594.312.863.215.300;147;125;4;0;1;1;1
MHS008;0;2.260.739.004.816.280;26.400.778.958.026.400;2.769.680.614.520.100;35.285.611.131.094.500;129;102;1;0;0;0;1
MHS009;0;26.615.389.998.470.200;3.305.838.144.420.430;35.154.997.612.479.700;34.656.400.595.580.900;102;76;1;1;0;1;1
MHS010;0;2.551.832.408.435.340;2.944.006.089.746.520;3.734.470.642.716.190;24.380.508.327.299.800;106;104;4;5;0;0;1
MHS011;0;3.163.422.611.985.000;29.594.405.229.206.500;3.233.897.376.631.570;3.368.061.175.334.620;83;77;3;0;0;0;0
MHS012;1;3.043.523.534.119.080;28.504.963.247.670.600;3.045.880.388.267.750;2.006.215.542.699.550;92;86;1;2;0;1;1
MHS013;0;28.939.192.891.441.800;27.865.656.029.801.300;32.507.241.657.624.000;35.790.933.264.660.100;75;48;4;3;1;1;1
MHS014;1;2.827.959.729.344.340;33.753.929.427.947.100;28.361.874.083.609.900;25.692.009.728.758.300;131;131;1;0;0;1;1
MHS015;0;3.148.060.138.532.280;31.305.276.360.899.400;30.025.567.283.212.300;28.827.064.333.124.200;78;49;1;0;0;1;1
MHS016;1;26.669.696.898.847.800;2.743.106.254.245.870;31.506.614.004.748.100;22.707.415.395.066.200;121;105;2;0;1;1;1
MHS017;1;299.072.459.774.418;21.632.476.890.048.800;2.463.734.082.782.170;2.503.706.910.298.400;128;112;2;1;1;1;1
MHS018;0;32.388.770.497.167.600;28.704.856.776.305.500;27.126.453.961.933;2.789.250.889.830.050;113;88;4;5;1;0;1
MHS019;1;28.928.377.583.719.000;26.554.028.947.678.700;33.639.165.570.829.300;269.046.531.982.252;138;119;2;5;1;0;1
MHS020;0;2.504.731.837.434.650;2.716.851.135.198.610;3.049.825.682.543.820;27.482.621.729.419.000;128;125;3;1;0;0;1
MHS021;0;26.398.510.035.705.900;28.650.331.154.621.500;29.282.688.851.846.500;3.308.501.887.857.560;108;91;4;0;0;1;1
MHS022;0;2.821.627.487.115.900;32.780.608.992.669.800;3.521.930.305.459.320;3.263.224.080.667.340;129;113;2;0;1;1;1
MHS023;1;35.002.428.038.810.500;307.621.043.112.963;26.993.013.772.141.300;25.766.928.215.676.000;88;73;4;2;1;1;1
MHS024;1;33.088.204.227.555.700;3.608.535.398.490.050;31.131.441.347.494.300;34.237.007.162.883.100;94;66;2;5;1;1;1
MHS025;1;30.753.295.217.416.400;29.921.425.300.737.700;23.349.629.672.426.000;2.987.356.187.214.430;77;71;3;0;1;0;1
MHS026;1;28.773.059.419.985.600;26.231.319.178.212.500;25.552.427.851.872.300;25.920.948.575.172.800;107;102;1;2;1;1;1
MHS027;0;20.318.118.950.076.900;2.576.321.235.943.670;36.822.167.236.601.500;35.860.144.519.022;138;111;1;2;1;0;1
MHS028;1;2.464.553.750.969.440;32.412.362.076.215.900;28.882.686.073.370.700;3.357.000.247.046.040;106;83;1;0;1;0;1
MHS029;0;25.766.031.409.657.900;2.242.576.387.657.060;27.767.425.239.664.800;3.428.199.397.161.730;87;63;2;5;1;0;1
MHS030;1;24.261.400.135.875;36.948.014.140.732.900;25.723.797.405.600.900;24.864.691.205.322.000;86;79;1;0;0;1;1
MHS031;1;209.905.601.549.672;32.338.585.387.490.500;2.224.283.027.954.670;27.447.533.902.112.000;93;81;4;1;0;0;1
MHS032;1;32.854.452.553.465.800;35.677.828.200.902.900;34.770.008.817.466.000;3.325.695.625.652.890;145;127;3;3;1;1;1
MHS033;1;27.573.182.260.854.400;30.409.370.696.931.600;4.0;20.663.674.037.041.200;91;66;2;5;0;1;1
MHS034;1;2.764.034.067.105.280;3.544.475.298.483.680;30.321.400.095.477.300;2.461.127.611.035.340;122;95;4;3;0;0;1
MHS035;1;2.804.299.093.959.080;32.190.112.987.108.300;38.318.848.947.241.200;26.303.817.842.724.400;109;90;4;4;1;1;1
MHS036;1;3.524.009.871.997.470;26.857.151.262.621.400;27.777.506.278.904.000;2.165.433.820.454.730;124;99;1;1;0;1;1
MHS037;0;38.906.455.385.131.800;2.661.292.166.142.620;22.255.856.600.879.500;2.828.435.467.947.950;117;93;4;4;0;0;1
MHS038;1;4.0;3.113.424.410.990.390;38.277.308.126.894.600;2.768.537.288.968.170;136;125;2;2;0;1;1
MHS039;0;26.599.978.329.410.200;28.682.970.775.663.600;28.596.725.623.295.800;2.698.012.040.251.120;131;112;1;3;1;1;1
MHS040;1;2.0;2.487.806.179.332.850;287.371.592.430.342;23.761.084.090.175.700;92;67;2;5;0;1;1
MHS041;1;30.009.068.055.973.300;3.377.967.640.895.820;3.966.771.314.714.990;32.069.374.186.254.000;85;62;4;1;0;1;1
MHS042;1;35.862.178.911.961.200;32.657.000.054.801.600;3.374.552.838.482.160;39.044.784.145.100.800;102;102;1;2;0;0;1
MHS043;1;3.219.663.570.051.710;29.457.510.557.182.400;27.567.836.169.738.100;310.379.913.064.286;77;49;2;1;1;1;1
MHS044;1;29.857.892.712.004.600;21.417.877.770.280.100;2.478.519.303.198.570;3.663.235.834.159.520;144;116;4;3;0;0;1
MHS045;0;2.585.502.494.538.960;27.199.094.799.015.100;3.373.646.802.561.630;33.051.851.327.167.300;118;116;4;3;1;0;1
MHS046;0;3.521.837.822.684.370;31.144.892.690.942.700;2.232.967.440.650.530;3.181.534.801.668.650;124;112;3;0;0;0;0
MHS047;1;30.060.732.545.366.100;34.654.670.419.870.300;2.738.405.953.206.440;34.745.714.938.904.900;128;110;1;3;1;0;1
MHS048;0;27.943.547.046.700.900;3.492.011.772.281.540;3.051.784.042.221.170;3.133.818.007.081.560;121;103;2;4;0;0;1
MHS049;1;3.602.461.460.889.280;2.401.669.765.393.230;33.853.391.647.615.500;33.335.280.517.348.900;126;120;1;4;1;1;1
MHS050;0;31.622.591.581.872.700;383.764.662.483.411;34.444.921.471.385.700;32.480.321.166.129.300;86;58;2;5;0;1;1
MHS051;1;34.431.009.830.646.800;28.831.484.103.429.900;30.221.752.787.495.300;2.411.936.261.005.460;107;89;4;4;0;1;1
MHS052;1;3.144.941.405.768.560;2.906.387.521.825.590;21.283.573.763.941.200;35.347.389.760.204.300;100;82;1;3;1;0;1
MHS053;0;26.041.400.106.722.100;24.140.115.727.747.700;2.206.768.190.786.830;27.889.114.125.245.000;127;108;4;4;0;0;1
MHS054;0;3.259.673.257.120.580;3.766.369.456.501.280;2.945.619.925.771.570;32.008.558.610.494.700;94;71;1;5;0;1;1
MHS055;1;31.120.462.409.052.000;30.062.962.003.908.900;3.048.838.049.274.410;26.134.951.080.722.600;89;65;2;0;0;1;1
MHS056;0;4.0;2.616.326.218.555.970;3.436.160.318.360.330;3.091.671.002.869.170;126;116;4;1;1;1;0
MHS057;1;25.622.191.059.840.100;2.882.575.833.205.340;25.063.853.961.635.300;27.544.182.356.252.700;105;80;4;1;1;1;1
MHS058;1;20.436.467.414.678.900;3.181.238.229.402.650;3.285.673.755.163.390;34.852.619.100.066.000;98;86;2;2;0;1;1
MHS059;1;38.423.424.823.028.100;2.134.842.344.787.910;3.071.025.045.958.780;35.185.792.324.723.100;74;52;4;0;1;0;1
MHS060;1;2.143.432.735.454.560;3.676.936.187.082.700;2.942.730.077.373.690;3.618.908.155.986.730;70;50;4;5;1;0;1
MHS061;0;3.758.116.661.466.940;3.156.229.240.548.970;284.348.814.589.178;22.004.382.637.312.500;70;52;1;4;1;1;1
MHS062;0;3.530.223.407.055.230;3.770.685.498.459.090;25.860.534.605.421.400;28.480.677.822.845.300;95;70;2;5;1;0;1
MHS063;0;3.468.536.260.157.580;27.153.369.347.256.100;32.068.563.999.760.300;36.710.442.521.529.500;116;94;3;4;0;1;1
MHS064;1;3.101.556.773.973.250;3.024.786.364.649.700;380.528.923.161.165;36.369.966.952.944.000;148;122;3;1;1;0;1
MHS065;1;3.433.035.258.021.390;29.482.119.500.491.800;31.100.371.644.018.100;20.580.582.553.830.500;74;46;4;1;1;0;1
MHS066;1;30.640.205.342.792.300;27.593.308.253.601.300;24.259.725.469.221.200;26.988.718.985.589.100;112;97;3;2;0;0;1
MHS067;0;3.183.299.123.048.420;2.530.060.106.836.320;2.743.066.541.331.650;24.703.932.390.555.200;136;134;3;4;1;1;1
MHS068;0;27.348.711.908.137.700;2.603.563.583.868.820;2.946.484.820.022.720;2.482.378.838.790.310;115;114;1;5;1;0;1
MHS069;0;2.650.137.246.003.700;3.106.989.955.367.110;2.943.835.975.154.580;28.895.152.002.333.800;70;63;1;2;0;1;1
MHS070;0;33.998.456.112.926.000;30.345.027.556.795.100;33.843.637.460.736.600;26.098.283.229.711.400;147;124;2;4;1;1;1
MHS071;0;3.425.701.046.189.410;25.060.320.771.017.200;3.014.310.279.783.910;34.843.115.781.522.100;87;62;2;2;0;0;1
MHS072;1;26.218.246.273.578.400;2.288.873.145.201.160;2.676.713.557.878.730;24.592.259.981.928.000;113;89;1;4;1;0;1
MHS073;1;36.715.494.090.538.600;23.461.714.659.081.200;4.0;26.879.916.355.557.100;103;89;4;0;1;0;1
MHS074;1;25.621.908.733.076.200;23.086.001.345.178.300;34.630.887.737.658.200;39.547.083.202.350.600;125;99;1;5;0;0;1
MHS075;0;28.968.805.205.220.600;2.0;3.398.742.102.239.150;3.072.602.030.142.720;148;143;2;0;1;1;1
MHS076;1;32.641.583.048.151.800;3.103.751.742.579.560;4.0;38.098.060.777.186.500;120;108;4;4;1;1;1
MHS077;1;25.451.535.249.257.700;3.319.311.824.918.820;31.079.303.240.945.000;38.544.978.315.944.100;70;45;2;5;0;1;1
MHS078;0;29.010.185.156.493.400;32.384.140.471.620.500;2.135.209.953.495.420;3.620.856.979.826.170;79;75;3;1;1;1;1
MHS079;0;2.708.709.542.182.530;31.304.532.169.158.300;29.641.629.817.212.800;24.880.907.402.554.700;107;85;3;5;0;0;1
MHS080;0;31.855.729.366.856.500;269.800.740.664.209;304.329.489.373.645;292.216.138.230.396;91;64;4;4;1;0;1
MHS081;0;33.814.236.453.990.600;33.189.833.495.104.800;2.778.783.812.544.350;3.229.355.085.779.500;147;122;2;3;0;0;1
MHS082;1;3.600.606.961.081.970;2.795.962.313.489.220;2.0;2.495.956.844.541.290;120;92;2;0;0;0;1
MHS083;0;20.695.450.595.726.700;34.984.700.341.392.000;3.343.415.895.271.320;2.0;122;115;4;2;0;0;1
MHS084;1;30.825.971.900.602.800;3.284.468.337.234.820;2.562.596.643.127.640;27.998.135.634.162.200;84;70;1;0;1;1;1
MHS085;0;3.414.076.745.195.050;350.494.748.052.483;2.751.570.483.663.680;3.193.922.440.765.230;137;116;2;1;0;0;1
MHS086;1;35.187.699.721.289.400;27.449.918.005.726.200;28.650.625.323.533.100;25.106.181.421.088.400;98;91;1;4;0;1;1
MHS087;1;36.652.192.816.345.400;3.999.658.603.124.900;33.590.492.741.258.400;3.783.797.210.439.480;89;79;2;1;1;1;1
MHS088;1;25.545.783.287.744.600;2.0;3.090.265.420.902.710;4.0;129;119;4;3;1;1;1
MHS089;1;3.602.485.323.650.370;33.362.125.094.475.400;2.685.064.177.189.600;2.908.265.423.201.760;120;92;2;0;1;0;1
MHS090;0;2.835.363.146.472.090;2.764.859.276.635.270;27.987.744.456.865.800;27.854.309.824.662.000;126;126;3;5;0;0;1
MHS091;1;2.208.296.639.480.240;37.077.414.012.554.200;26.017.485.206.712.000;333.038.761.586.107;126;106;2;0;0;0;1
MHS092;1;34.115.852.919.809.500;30.366.589.835.942.000;2.355.019.550.129.470;2.352.460.613.968.190;103;77;1;2;0;1;1
MHS093;0;28.771.284.679.570.200;2.863.638.215.126.160;2.0;2.972.852.566.741.090;102;86;1;2;1;1;1
MHS094;1;30.392.044.612.530.300;2.257.649.214.241.460;2.981.482.043.140.440;3.214.724.122.691.830;89;68;2;3;0;0;1
MHS095;1;4.0;3.029.609.217.007.240;3.006.964.645.956.470;29.879.374.564.449.900;125;107;2;5;0;0;1
MHS096;0;35.430.527.633.848.200;28.027.088.408.817.000;21.746.321.402.757.100;33.504.711.307.230.300;116;99;2;5;1;0;1
MHS097;1;3.795.858.661.594.070;2.991.038.213.219.070;2.850.681.104.100.740;26.420.950.655.656.900;124;118;3;1;1;0;0
MHS098;1;37.074.818.457.483.300;30.625.230.155.832.200;2.871.591.486.037.130;3.512.143.290.889.690;126;104;3;2;0;0;1
MHS099;1;30.493.728.888.186.600;2.934.827.427.006.390;3.250.238.759.710.310;2.473.370.639.677.500;77;76;3;5;1;1;1
MHS100;1;281.951.691.709.046;3.579.664.901.682.120;2.459.468.336.200.050;3.307.967.803.472.130;124;109;2;1;0;0;1
MHS101;0;3.165.159.534.121.300;34.350.049.537.820.300;32.636.918.578.462.400;3.130.968.805.553.410;138;119;3;1;0;1;1
MHS102;0;2.221.685.413.238.040;330.300.497.567.282;23.597.853.237.518.500;38.773.970.909.921.800;78;77;1;3;0;1;1
MHS103;1;27.275.404.565.955.200;31.995.680.571.760.300;29.811.826.487.875.700;35.516.509.410.082.600;83;75;4;1;0;0;0
MHS104;0;3.308.694.904.860.160;23.999.150.017.991.900;24.777.526.268.000.600;2.888.802.640.056.070;98;86;2;4;0;1;1
MHS105;1;3.673.372.989.320.490;3.063.396.579.840.230;2.620.180.309.760.880;29.983.245.651.705.100;106;82;2;1;1;0;1
MHS106;0;38.102.667.225.829.300;37.852.473.176.305.600;24.981.210.542.183.100;32.551.481.947.911.600;114;98;2;4;1;1;1
MHS107;1;2.072.607.097.920.340;250.520.847.121.263;30.736.039.146.848.000;288.872.926.391.443;98;78;3;2;1;1;1
MHS108;0;33.740.173.629.808.600;37.504.858.152.821.400;29.361.520.746.946.100;32.775.726.443.555.600;93;72;2;4;1;0;1
MHS109;1;2.712.181.086.881.110;30.610.049.073.226.800;4.0;2.951.970.050.137.670;142;117;2;4;0;0;1
MHS110;1;29.825.057.547.515.100;3.885.400.317.817.750;26.865.164.711.061.100;39.062.242.789.984.600;108;106;3;1;0;1;0
MHS111;1;2.846.107.191.660.090;26.705.507.890.118.900;33.318.686.069.440.100;35.050.707.302.143.000;116;105;2;2;1;0;1
MHS112;0;34.024.015.893.669.000;34.651.266.729.767.700;30.198.708.479.552.100;30.056.742.394.881.000;81;67;3;1;0;0;1
MHS113;1;340.924.236.731.927;3.066.923.827.123;3.223.319.865.758.540;2.893.363.812.017.100;128;106;1;1;0;1;1
MHS114;1;27.672.749.087.979.700;3.443.258.706.284.520;229.742.003.881.777;32.505.166.717.586.700;129;117;2;2;0;0;1
MHS115;1;2.0;23.579.295.579.550.100;36.669.298.098.803.500;31.589.075.328.145.600;73;45;2;0;0;1;1
MHS116;0;3.133.525.132.934.620;34.448.153.978.117.100;30.411.419.946.377.100;35.327.401.875.326.700;101;99;3;5;1;0;1
MHS117;1;4.0;26.748.145.279.649.800;26.611.454.971.874.700;22.393.775.627.056.700;99;75;3;3;0;0;1
MHS118;1;29.955.679.886.718.100;29.326.636.229.587.000;3.393.087.460.094.600;277.383.591.718.275;87;58;1;0;1;0;1
MHS119;0;29.826.575.563.066.000;31.171.073.662.682.600;37.752.502.464.070.300;25.008.229.796.306.000;81;55;2;4;0;0;1
MHS120;0;31.370.028.925.427.800;30.251.532.613.776.600;31.217.478.694.039.400;3.464.048.888.308.090;131;119;2;0;0;1;0
MHS121;1;3.583.551.457.191.810;38.105.542.788.938.500;22.150.198.311.713.200;3.036.981.482.036.780;126;101;1;0;1;0;1
MHS122;1;2.752.015.476.836.760;2.915.942.552.187.350;28.133.003.658.117.100;24.132.148.964.939.300;119;102;2;0;1;0;1
MHS123;1;4.0;2.667.030.758.602.300;2.0;2.560.814.406.453.600;98;90;3;0;1;1;1
MHS124;1;3.271.749.551.394.670;35.418.048.269.527.300;25.747.217.706.689.000;30.523.676.493.190.600;148;143;4;2;0;1;1
MHS125;1;3.275.533.872.737.950;30.194.388.039.614.700;3.021.635.847.372.140;3.515.236.710.217.910;127;125;4;1;1;0;0
MHS126;0;3.291.964.092.662.980;282.035.395.460.647;32.953.274.153.461.500;3.554.351.790.291.450;128;102;4;0;0;0;1
MHS127;0;3.533.337.344.794.570;35.846.477.952.228.300;36.910.794.955.187.600;33.243.549.437.948.200;76;72;3;4;1;0;1
MHS128;0;2.729.050.437.805.720;3.319.445.522.968.380;3.783.653.933.319.470;31.715.545.414.758.700;81;75;2;4;1;0;1
MHS129;0;25.044.098.451.949.700;3.077.203.638.480.840;28.894.013.341.371.000;3.094.860.441.779.020;99;93;2;0;1;1;1
MHS130;0;24.072.899.976.598.400;28.005.537.538.732.200;3.385.212.608.558.320;33.383.851.353.584.700;89;86;2;3;0;1;1
MHS131;0;3.375.951.309.016.340;3.488.449.539.018.530;2.652.289.185.055.010;2.979.214.951.228.730;119;106;4;4;1;1;1
MHS132;0;31.835.511.333.940.300;27.370.973.063.435.200;2.934.480.796.500.500;2.0;120;110;2;1;1;1;1
MHS133;1;23.850.653.108.795.900;2.911.129.839.256.290;33.243.181.673.604.800;34.936.544.496.283.100;101;100;3;5;1;1;1
MHS134;0;2.888.793.610.772.210;24.265.206.856.332.800;29.427.048.498.460.100;3.316.633.751.151.780;128;109;2;2;0;0;1
MHS135;0;24.417.070.978.730.700;2.414.328.495.134.510;34.710.832.525.819.100;3.430.048.192.071.530;104;88;1;3;1;0;1
MHS136;1;32.527.509.053.057.400;2.985.537.557.912.560;31.348.346.786.985.300;2.884.971.782.201.800;122;115;3;2;1;1;1
MHS137;1;3.256.917.596.532.770;28.715.948.457.904.800;381.905.637.477.382;375.051.942.000.223;78;73;4;0;1;0;0
MHS138;1;2.204.297.676.251.850;3.282.350.531.268.070;2.682.697.482.353.320;3.497.876.118.340.670;146;130;4;4;1;1;1
MHS139;1;3.164.247.685.064.900;2.963.858.260.964.780;3.450.912.400.180.840;36.373.386.692.823.700;102;75;2;0;1;0;1
MHS140;1;26.896.978.680.302.400;32.183.569.834.451.600;30.813.810.394.619.900;25.441.027.556.243.200;148;133;2;5;1;1;1
MHS141;0;2.889.517.913.085.160;30.134.429.194.972.600;31.041.914.039.737.700;2.0;102;94;1;5;0;0;1
MHS142;1;23.073.140.671.651.300;2.446.340.243.326.840;34.596.514.348.538.700;32.762.620.426.291.900;113;97;4;2;0;0;1
MHS143;0;3.029.815.184.960.080;2.676.531.611.147.210;3.349.111.656.806.790;3.196.742.692.710.870;119;92;2;3;1;0;1
MHS144;0;4.0;2.897.372.685.192.950;4.0;35.861.196.233.791.900;91;66;3;2;0;0;1
MHS145;1;2.815.239.191.588.880;31.022.746.980.453.700;24.842.118.765.649.200;273.535.088.122.689;122;100;4;2;1;1;1
MHS146;1;2.533.393.296.177.200;33.766.628.801.886.200;2.436.086.389.749.340;32.821.386.940.133.600;104;76;1;5;0;0;1
MHS147;0;28.316.886.363.394.100;31.758.773.382.968.500;29.541.203.380.002.400;3.251.394.860.520.370;93;74;1;3;1;1;1
MHS148;1;3.112.225.909.279.980;3.523.549.151.306.070;38.419.638.457.289.300;277.055.786.856.553;135;121;2;3;1;0;1
MHS149;1;23.613.897.670.384.500;2.225.610.088.743.890;3.623.163.442.898.720;2.936.594.251.048.480;95;88;4;5;0;1;1
MHS150;1;31.153.204.551.321.800;2.0;2.648.151.253.983.690;29.289.807.366.128.000;110;81;2;3;0;0;1
MHS151;1;2.0;31.175.999.144.273.500;24.222.159.759.471.400;31.596.116.710.977.700;97;96;3;4;0;0;1
MHS152;0;27.661.493.993.440.500;31.732.519.408.653.500;2.976.539.710.560.400;3.238.520.413.611.560;80;71;3;5;1;1;1
MHS153;1;39.755.171.490.100.000;2.705.010.704.792.770;29.182.663.316.488.900;24.274.112.879.823.000;77;67;4;0;0;1;1
MHS154;1;3.423.539.504.992.510;361.125.045.744.344;3.607.254.642.652.670;29.552.386.948.760.400;113;90;4;5;1;0;1
MHS155;0;2.839.188.431.977.010;27.744.974.849.350.300;3.074.588.630.172.460;27.611.599.270.528.900;104;99;1;4;0;0;1
MHS156;0;2.705.618.231.896.600;3.004.645.876.265.450;3.069.671.296.810.630;32.262.674.459.106.600;126;120;3;2;1;0;1
MHS157;1;2.467.218.137.567.480;30.459.028.872.903.300;30.319.281.506.670.700;3.060.294.966.945.350;77;60;1;0;0;1;1
MHS158;0;35.365.436.727.051.500;29.180.195.601.990.300;3.273.607.969.028.500;2.541.420.097.401.980;124;102;2;2;1;1;1
MHS159;1;33.342.340.647.645.500;2.741.551.568.555.100;31.866.980.959.567.700;3.253.507.882.243.590;141;117;2;3;0;0;1
MHS160;0;34.195.924.338.581.500;3.907.686.342.413.450;2.504.986.881.846.860;27.799.963.045.022.900;133;128;3;0;0;0;0
MHS161;0;31.606.786.077.251.300;32.109.603.771.176.400;38.068.556.345.293.200;32.267.671.507.569.800;137;136;1;5;1;1;1
MHS162;1;3.450.737.314.973.890;2.930.568.706.402.660;28.178.987.582.560.300;3.376.437.838.806.980;144;144;4;5;1;0;1
MHS163;0;3.554.630.101.111.460;22.689.820.142.490.500;35.857.902.634.412.500;4.0;88;61;1;0;0;0;1
MHS164;1;2.353.427.338.176.920;26.995.130.184.983.100;30.848.468.961.760.000;2.649.942.063.397.490;147;138;2;5;0;0;1
MHS165;0;3.029.571.061.136.210;35.630.585.130.076.900;2.772.877.862.423.360;29.900.323.023.770.900;95;71;4;4;1;1;1
MHS166;0;29.250.060.543.001.300;21.828.523.321.851.100;35.112.204.761.969.000;2.0;115;98;4;2;0;0;1
MHS167;0;33.794.642.948.933.800;3.140.595.711.984.680;3.052.100.551.975.930;29.687.034.360.502.300;84;81;1;4;1;0;1
MHS168;1;31.952.011.719.581.300;2.444.980.947.454.270;4.0;31.390.530.095.459.800;98;84;4;2;1;1;1
MHS169;1;3.757.258.781.294.790;33.865.415.945.887.600;26.983.382.173.891.400;22.065.941.422.024.500;144;138;3;3;1;0;1
MHS170;0;2.709.382.413.458.580;2.552.245.298.927.450;27.166.024.134.769.500;32.641.627.171.051.400;125;122;4;3;1;0;1
MHS171;1;27.105.183.724.029.100;3.031.844.196.825.800;32.359.806.666.233.000;30.696.077.043.224.500;91;70;1;5;1;0;1
MHS172;1;32.498.185.505.629.700;2.351.812.040.368.070;35.747.098.641.318.500;28.495.479.903.193.200;141;118;4;0;1;0;1
MHS173;0;35.349.252.493.505.100;25.435.259.634.879.900;32.177.779.241.874.000;34.461.318.301.850.600;87;69;4;1;0;0;1
MHS174;1;27.764.267.688.080.400;27.069.714.490.646.800;2.959.870.476.896.220;3.546.635.452.729.960;90;74;2;4;0;0;1
MHS175;1;32.793.703.763.059.200;24.050.274.733.171.500;3.367.122.144.851.480;23.239.177.766.876.300;126;97;1;1;1;0;1
MHS176;0;25.981.627.160.151.300;38.195.584.027.220.300;38.388.504.070.382.200;27.232.058.791.460.000;144;138;4;3;1;0;1
MHS177;1;32.844.915.395.926.300;3.814.198.311.564.260;28.104.361.295.062.500;2.898.209.819.948.810;105;103;1;0;0;1;0
MHS178;0;2.488.782.310.227.110;4.0;32.466.916.502.057.600;348.270.398.721.769;113;87;4;4;1;1;1
MHS179;1;32.313.131.676.905.500;4.0;2.413.698.371.569.340;23.832.659.493.599.400;139;138;3;3;1;1;1
MHS180;0;29.938.608.614.438.400;3.056.700.031.636.300;34.342.217.553.704.900;21.019.855.067.584.600;127;124;1;4;0;0;1
MHS181;0;3.084.680.412.018.030;229.314.275.154.751;29.443.869.693.256.400;2.548.046.179.267.600;85;74;1;3;1;1;1
MHS182;0;24.538.436.176.637.100;2.841.795.775.152.590;36.065.488.499.895.900;30.708.584.568.199.500;90;71;2;5;1;1;1
MHS183;0;31.490.261.050.535.800;3.500.963.774.477.590;23.809.186.125.972.100;3.012.426.169.122.320;83;80;1;1;0;1;0
MHS184;0;2.081.897.313.448.350;3.253.995.663.456.270;24.483.166.969.130.600;2.0;137;120;3;5;0;1;1
MHS185;0;3.844.845.206.679.360;39.465.182.069.558.300;3.013.061.215.769.860;2.0;118;109;2;1;0;0;0
MHS186;1;32.842.205.031.280.700;3.299.797.056.640.740;2.746.438.469.971.700;2.881.822.631.455.500;90;88;2;2;1;0;1
MHS187;1;3.043.657.487.004.280;32.733.458.028.856.500;3.061.615.136.457.330;33.547.309.087.149.200;123;123;4;5;0;1;1
MHS188;1;26.747.934.826.450.000;32.648.465.664.527.200;2.0;30.319.783.934.554.600;94;82;1;1;1;0;1
MHS189;1;22.093.712.145.402.500;3.018.055.087.665.060;31.209.333.507.567.700;25.152.380.552.400.100;100;87;4;1;0;1;1
MHS190;0;2.395.152.628.579.440;3.299.964.364.998.100;37.653.754.161.718.400;36.093.809.258.486.500;100;82;1;2;1;1;1
MHS191;0;30.743.337.286.010.500;28.314.570.144.409.800;269.329.866.822.953;2.848.765.156.755.930;149;134;4;0;1;1;1
MHS192;0;26.334.969.683.616.700;26.283.549.985.175.100;27.035.860.313.102.500;2.746.333.612.305.720;105;78;2;1;0;0;1
MHS193;1;3.857.263.534.096.860;24.703.072.280.954.200;31.901.792.651.919.500;2.0;83;77;1;4;1;0;1
MHS194;1;2.716.403.790.593.660;2.805.291.061.253.480;3.684.720.488.212.050;280.798.391.105.993;90;81;3;1;1;0;0
MHS195;0;25.029.468.834.789.000;2.984.530.501.422.180;2.019.920.995.853.080;4.0;121;99;1;1;1;1;1
MHS196;1;3.584.108.860.908.430;2.568.547.330.624.750;2.0;27.775.271.199.376.600;121;93;2;1;0;1;1
MHS197;0;3.232.522.730.507.590;3.083.326.414.281.750;3.162.588.398.264.530;29.166.379.834.565.800;129;122;1;3;0;0;1
MHS198;1;25.256.390.885.394.300;2.0;3.183.228.583.148.980;28.715.227.548.232.500;114;96;1;3;0;0;1
MHS199;0;33.965.281.903.287.100;361.387.612.990.965;2.938.493.038.321.540;30.470.897.208.402.000;86;82;4;4;1;1;1
MHS200;0;2.509.541.278.519.850;23.360.409.641.563.600;33.401.326.896.477.400;3.578.907.421.012.000;97;79;3;1;0;0;1
MHS201;1;2.601.020.261.129.270;292.763.467.435.714;3.474.254.101.858.330;3.017.426.438.195.880;77;70;1;0;1;0;0
MHS202;1;2.894.331.957.224.500;294.129.957.042.252;2.986.420.783.297.960;3.287.154.220.419.240;79;59;4;3;0;1;1
MHS203;1;37.278.093.450.405.500;38.996.357.875.095;3.372.900.625.530.200;32.967.145.865.968.000;80;71;3;0;1;1;1
MHS204;0;28.807.332.765.786.600;26.104.930.784.831.500;2.0;34.871.311.110.644.000;91;72;2;3;0;1;1
MHS205;1;28.396.125.835.468.600;2.998.699.166.195.490;33.730.937.036.572.000;2.819.903.202.695.020;81;73;3;1;0;0;0
MHS206;1;3.606.865.718.862.920;2.929.978.574.028.880;34.442.994.401.654.300;33.672.245.167.438.200;144;123;2;2;0;1;1
MHS207;1;31.998.439.758.763.200;26.743.215.531.040.800;27.356.916.591.251.200;32.931.820.093.775.400;92;69;4;4;1;0;1
MHS208;0;31.203.765.897.442.800;4.0;3.282.754.822.815.770;2.119.618.620.422.090;98;69;3;3;0;0;1
MHS209;1;24.034.226.769.506.300;28.835.532.933.814.500;36.634.047.100.209.900;31.235.133.218.025.500;74;72;1;3;1;0;1
MHS210;1;31.694.325.785.258.700;3.408.435.890.010.200;35.499.524.754.589.400;25.709.472.276.159.000;115;109;3;2;1;0;1
MHS211;1;31.389.915.323.713.500;37.274.053.224.958.700;2.275.071.717.259.540;2.446.845.909.385.820;139;116;3;4;1;1;1
MHS212;0;38.634.819.256.167.000;2.800.181.907.192.690;3.112.342.362.875.940;3.466.295.415.936.540;106;101;1;5;1;0;1
MHS213;0;27.919.029.986.349.200;24.096.089.686.748.300;3.490.242.499.760.280;2.872.059.321.164.730;83;81;4;4;1;1;1
MHS214;0;2.877.900.082.403.780;30.554.105.475.669.000;4.0;28.305.701.649.503.200;88;61;4;2;0;0;1
MHS215;1;32.275.463.684.548.200;2.591.287.411.989.410;32.766.363.444.754.700;2.753.120.028.819.770;88;73;1;3;1;0;1
MHS216;0;25.783.696.978.531.200;29.323.785.521.839.800;32.400.297.900.433.400;23.172.689.889.039.000;116;106;1;3;1;0;1
MHS217;0;3.930.902.891.834.810;2.461.654.915.387.430;28.251.939.066.110.900;31.308.314.863.482.300;139;125;2;3;0;0;1
MHS218;0;3.178.083.438.612.420;3.024.337.419.163.410;3.255.868.834.539.500;25.723.347.428.053.700;139;123;3;4;0;0;1
MHS219;0;2.766.981.749.065.870;2.202.648.466.366.600;32.568.000.532.848.500;2.733.649.580.169.040;143;139;4;5;1;1;1
MHS220;1;2.986.242.547.474.680;3.886.125.798.334.870;3.830.629.607.273.930;2.771.451.871.706.860;139;131;2;5;1;1;1
MHS221;1;3.364.234.956.236.460;29.128.124.848.173.400;2.840.496.166.623.580;29.908.415.702.785.700;93;82;2;5;1;1;1
MHS222;0;3.177.511.227.210.750;28.894.434.523.557.400;25.798.592.846.714.300;25.385.849.051.365.800;123;114;1;4;1;1;1
MHS223;0;27.369.609.838.940.200;29.929.902.308.712.000;3.050.822.143.844.750;24.344.868.042.540.200;102;76;3;5;0;0;1
MHS224;1;3.175.644.404.712.270;3.844.946.728.313.140;35.798.956.226.446.500;2.811.542.887.293.050;83;59;1;1;0;1;1
MHS225;0;244.480.024.135.199;32.835.277.586.940.500;23.334.213.446.731.700;4.0;81;57;1;0;0;1;1
MHS226;0;26.327.042.116.009.700;25.948.737.814.928.000;31.002.845.986.154.700;35.743.186.747.143.500;93;65;1;1;1;1;1
MHS227;0;3.088.220.777.638.610;2.816.486.080.458.330;258.620.488.967.564;30.430.719.415.231.800;139;138;1;1;0;0;1
MHS228;1;24.378.537.028.970.800;33.250.951.903.653.700;3.816.326.248.848.560;2.869.543.866.941.430;145;122;3;5;1;0;1
MHS229;1;2.0;29.817.333.250.406.900;30.642.258.687.988.700;3.532.930.499.380.810;137;124;4;5;0;1;1
MHS230;1;2.819.763.297.897.700;3.255.707.750.464.970;3.158.735.967.365.540;2.984.040.752.678.310;95;79;3;1;0;1;1
MHS231;1;2.358.530.335.350.850;2.539.064.514.198.360;3.632.289.188.669.230;2.768.417.566.764.260;108;89;3;0;0;1;1
MHS232;0;30.566.352.052.688.800;22.808.610.108.413.100;34.596.144.672.876.000;2.665.927.957.230.500;105;101;1;0;0;0;1
MHS233;1;30.243.343.684.415.200;3.478.428.439.637.780;4.0;2.084.804.434.045.420;71;65;4;2;0;0;1
MHS234;0;28.326.123.339.467.200;2.798.175.768.379.000;25.224.387.103.253.200;32.117.995.327.967.300;73;44;2;5;1;0;1
MHS235;1;31.700.588.532.023.200;2.728.765.966.646.900;24.711.421.759.649.700;2.979.492.289.498.260;99;87;2;3;1;1;1
MHS236;1;24.054.943.588.099.800;28.723.740.289.488.700;3.016.362.245.770.350;28.665.426.439.928.300;137;113;4;1;1;1;1
MHS237;1;2.597.314.086.474.820;32.982.211.697.803.300;3.135.487.269.423.090;31.520.964.597.767.100;119;114;3;3;1;0;1
MHS238;0;31.383.545.219.524.900;3.366.070.281.742.550;24.451.772.477.396.200;25.800.873.762.739.100;72;61;4;5;1;1;1
MHS239;0;27.008.160.948.848.900;3.820.523.314.864.470;3.124.599.271.367.820;32.107.367.249.379.500;127;117;1;5;0;0;1
MHS240;1;3.201.865.045.168.300;2.987.902.196.804.540;2.548.149.069.634.930;31.621.796.408.608.000;85;84;2;2;1;1;1
MHS241;1;25.384.336.947.710.700;32.519.092.092.200.900;3.433.923.471.515.640;2.810.956.949.508.330;116;111;3;4;0;0;1
MHS242;0;37.289.776.167.828.400;2.742.167.983.078.890;29.006.304.819.916.800;3.150.077.792.497.860;78;76;4;4;0;1;1
MHS243;0;31.363.488.967.649.600;33.251.908.943.606.300;2.516.843.807.117.430;3.075.068.058.185.690;115;110;2;3;0;1;1
MHS244;1;312.646.840.713.254;2.968.276.968.027.920;29.062.329.399.725.600;2.528.717.304.278.460;94;87;4;5;1;1;1
MHS245;0;31.941.213.238.926.700;2.651.790.103.538.690;3.421.707.154.698;3.247.606.476.562.050;114;108;2;0;0;1;0
MHS246;0;4.0;3.266.015.096.646.220;2.264.154.278.664.650;28.689.131.485.680.700;122;94;4;0;1;0;1
MHS247;1;2.149.897.562.725.960;3.264.151.517.333.450;3.372.702.098.672.700;25.570.420.020.203.600;110;107;3;3;1;1;1
MHS248;1;34.751.537.959.867.800;38.553.066.862.909.600;29.477.753.907.312.600;2.915.589.138.404.990;117;88;4;2;0;1;1
MHS249;1;30.350.260.815.565.900;35.809.391.513.040.900;2.536.323.432.904.710;31.191.844.913.673.900;142;114;1;3;0;0;1
MHS250;1;30.947.908.082.993.700;35.005.230.462.835.700;2.0;3.338.937.659.765.450;145;124;4;5;0;0;1
MHS251;0;25.066.805.076.802.100;27.657.085.340.449.900;37.160.850.717.623.100;28.642.377.622.543.000;120;117;3;3;1;1;1
MHS252;1;2.552.000.596.592.740;2.534.559.402.903.290;31.766.036.972.539.200;2.990.107.342.392.510;141;119;2;5;1;0;1
MHS253;1;27.802.056.444.841.100;2.0;2.889.902.686.496.020;2.0;109;96;3;4;1;1;1
MHS254;0;2.897.532.481.093.370;30.034.341.274.695.100;35.422.397.915.365.300;2.711.234.953.246.220;118;89;2;2;1;1;1
MHS255;0;26.104.241.740.358.500;29.028.342.272.898.300;2.556.889.828.195.290;31.343.307.133.418.800;120;94;3;0;0;0;1
MHS256;1;2.800.444.073.898.620;2.673.551.613.794.210;2.311.149.613.441.570;20.710.039.791.877.900;145;138;4;4;0;0;1
MHS257;1;24.009.079.836.988.300;35.146.108.956.169.400;3.343.931.663.593.500;3.209.832.761.299.030;115;93;2;4;0;0;1
MHS258;0;3.806.110.314.127.710;3.448.419.657.932.760;2.865.734.676.047.080;25.544.038.872.923.500;105;88;1;2;0;1;1
MHS259;1;29.343.715.164.538.400;3.038.425.941.479.380;2.887.572.009.095.960;26.749.987.095.882.700;108;107;3;4;0;1;1
MHS260;1;31.161.801.388.419.300;34.567.973.958.895.900;24.296.102.956.570.500;30.034.015.491.963.800;142;118;3;3;0;1;1
MHS261;1;3.029.175.502.142.730;26.276.078.966.367.300;2.151.451.307.506.870;26.772.152.856.757.600;134;112;1;1;0;0;1
MHS262;1;20.203.048.869.546.200;33.663.246.803.645.400;34.277.300.043.413.200;364.366.219.507.607;97;77;2;2;1;1;1
MHS263;0;30.405.314.353.468.200;2.597.504.669.534.850;31.311.811.901.618.300;35.255.970.054.930.200;101;99;3;3;1;0;1
MHS264;0;2.090.346.035.667.630;26.534.065.863.817.900;20.821.711.835.689.800;3.585.622.894.660.770;126;105;4;3;0;1;1
MHS265;0;2.366.552.764.238.070;30.221.296.930.351.600;2.797.891.494.013.190;30.647.056.291.377.900;134;134;3;3;0;0;1
MHS266;1;3.655.154.373.059.800;3.697.841.905.394.970;2.718.915.986.710.840;2.895.389.063.127.730;80;64;1;5;1;0;1
MHS267;1;2.382.825.564.060.030;2.703.767.870.423.550;29.867.971.215.205.300;31.400.805.794.098.000;73;57;1;1;0;1;1
MHS268;1;301.397.572.762.223;32.090.935.392.338.700;21.163.513.234.447.100;2.274.513.368.779.450;75;49;1;4;1;1;1
MHS269;0;2.793.145.416.162.690;35.354.476.156.698.000;2.762.613.177.258.140;2.0;75;72;2;3;0;0;1
MHS270;0;223.016.674.036.334;2.256.861.485.024.850;326.447.896.819.626;2.0;106;98;1;4;1;0;1
MHS271;1;33.282.406.059.175.400;27.546.139.350.885.500;35.311.171.651.748.000;2.766.282.828.087.510;120;95;1;4;1;0;1
MHS272;1;331.745.390.205.686;2.745.641.389.451.070;23.791.918.901.019.800;30.831.328.229.503.600;132;109;1;2;0;0;1
MHS273;1;2.0;28.569.978.890.599.400;35.504.798.174.992.800;39.791.737.271.102.900;88;84;3;4;1;1;1
MHS274;0;4.0;22.485.148.358.024.200;31.268.698.307.472.800;3.233.846.585.882.710;114;100;4;5;0;1;1
MHS275;0;2.660.735.332.317.620;30.378.361.470.236.100;28.191.773.611.571.700;39.839.494.714.640.600;81;76;1;2;0;1;1
MHS276;1;3.108.607.154.823.670;2.826.683.408.254.580;20.375.941.610.186.600;29.606.911.807.292.500;144;144;2;2;0;1;1
MHS277;0;3.681.336.931.183.520;25.842.490.285.219.500;2.946.702.619.542.670;34.775.770.584.504.100;120;106;3;3;0;0;1
MHS278;0;2.901.330.789.846.330;2.924.363.358.173.240;29.025.458.598.236.500;35.668.850.484.335.300;141;123;3;5;0;0;1
MHS279;0;4.0;30.961.413.371.995.200;39.785.318.202.708.200;2.879.292.794.789.890;112;110;2;1;1;1;0
MHS280;1;3.542.263.523.247.540;32.449.702.914.000.300;36.071.348.252.296.300;25.660.000.002.307.200;99;75;2;2;0;1;1
MHS281;1;36.046.330.554.843.600;2.280.217.973.311.900;30.902.916.033.041.800;30.726.193.583.908.300;104;103;3;0;1;1;0
MHS282;1;2.179.866.680.387.340;21.837.207.985.039.500;29.044.761.550.264.800;2.725.780.164.086.500;72;59;4;4;0;1;1
MHS283;1;3.195.306.588.864.680;3.396.466.470.242.950;29.317.762.683.229.100;2.191.083.047.220.830;135;134;2;4;1;0;1
MHS284;0;2.615.428.825.106.350;25.300.484.494.455.600;34.147.374.209.658.700;29.030.869.306.135.900;122;116;1;0;0;1;1
MHS285;0;3.740.619.274.294.400;27.607.112.776.892.600;32.990.288.482.264.500;25.753.065.424.220.400;101;72;2;1;1;1;1
MHS286;1;3.104.829.707.637.310;27.541.819.071.839.700;3.403.561.298.318.650;25.132.269.001.477.600;122;99;3;5;1;0;1
MHS287;1;31.962.079.835.893.800;27.455.181.871.462.500;29.872.128.439.040.000;2.115.462.047.555.440;147;146;2;1;0;0;1
MHS288;0;25.887.900.338.088.900;35.605.153.336.622.300;30.001.035.324.590.900;2.995.349.839.430.690;95;78;4;5;1;0;1
MHS289;0;2.516.465.878.263.960;4.0;32.398.937.214.920.800;2.913.056.679.205.410;133;105;4;2;0;0;1
MHS290;0;3.364.342.398.608.450;27.559.015.013.838.700;3.513.710.767.669.380;2.668.139.811.510.140;84;66;1;2;0;1;1
MHS291;1;30.924.066.353.820.900;3.230.209.864.720.020;33.690.401.874.548.200;3.055.444.739.443.880;124;115;3;4;0;0;1
MHS292;0;27.100.314.820.435.300;25.848.724.054.814.000;31.911.274.695.724.500;25.980.114.631.796.300;94;65;1;4;1;0;1
MHS293;0;27.809.450.878.782.000;3.069.888.484.883.110;3.203.962.508.757.140;2.937.512.106.820.860;97;89;3;1;1;1;1
MHS294;0;27.459.299.011.763.400;29.261.098.405.912.600;27.733.757.954.884.900;37.262.337.672.353.700;82;79;3;1;1;0;0
MHS295;0;3.196.232.570.563.290;3.314.797.068.196.980;3.574.711.718.000.630;32.865.660.263.462.400;114;102;2;0;1;1;1
MHS296;0;31.860.843.407.360.400;27.062.510.925.141.200;2.828.294.450.206.010;39.823.475.239.844.500;134;131;1;3;0;0;1
MHS297;0;2.128.075.941.683.550;30.595.092.030.269.800;2.237.340.454.883.270;24.330.922.024.565.500;83;74;3;0;0;0;1
MHS298;1;4.0;33.923.021.439.490.100;2.990.369.810.132.800;2.868.554.585.395.860;129;104;2;0;1;0;1
MHS299;1;25.670.667.814.354.700;26.403.783.310.185.100;2.618.425.588.428.140;30.678.769.399.588.300;116;87;1;1;0;1;1
MHS300;0;30.509.281.476.309.900;3.774.510.075.747.590;23.804.464.621.730.400;226.623.736.712.378;85;70;3;4;1;0;1
MHS301;0;3.177.896.487.463.830;3.384.258.557.074.770;36.309.669.383.657.600;30.898.592.265.492.200;141;129;2;2;1;1;1
MHS302;0;31.560.347.988.974.800;30.749.658.350.316.900;2.690.032.906.297.550;4.0;113;88;4;1;1;0;1
MHS303;0;3.268.545.416.530.570;3.025.813.188.355.600;2.897.136.204.586.010;26.749.916.656.647.700;128;103;4;1;0;1;1
MHS304;0;3.196.634.611.735.110;3.706.497.377.813.410;31.628.536.789.066;28.152.072.355.414.300;137;123;3;3;0;0;1
MHS305;0;3.319.258.930.297.240;288.161.569.851.797;2.868.510.598.109.660;20.821.443.629.794.800;116;108;2;1;1;0;1
MHS306;1;2.455.459.941.926.090;29.220.892.628.354.400;3.018.930.957.504.470;3.292.286.313.974.780;84;56;2;4;1;0;1
MHS307;1;34.207.641.710.198.700;26.911.816.953.028.700;4.0;2.052.763.465.581.510;82;53;3;5;1;0;1
MHS308;1;32.239.308.738.758.900;3.185.547.025.656.960;30.239.807.229.907.700;31.659.219.316.292.500;80;76;1;1;0;0;0
MHS309;0;25.887.842.113.725.600;36.584.794.183.433.500;25.816.860.353.546.800;3.791.612.764.846.250;149;148;2;4;1;1;1
MHS310;1;25.192.558.151.722.300;34.154.261.621.396.800;36.962.360.814.712.800;35.876.415.539.120.200;128;109;4;1;1;0;1
MHS311;1;3.568.853.101.357.380;31.747.974.996.801.400;2.725.426.511.477.140;3.634.839.419.801.060;97;88;3;2;0;1;1
MHS312;1;3.441.166.531.161.700;277.395.483.358.346;2.764.978.926.120.240;3.132.939.114.826.020;96;72;1;2;1;0;1
MHS313;0;2.820.829.923.989.380;26.762.290.971.824.200;33.720.959.857.499.600;29.093.879.133.909.400;70;46;1;0;0;1;1
MHS314;1;31.237.559.582.881.000;3.075.202.719.088.080;3.050.260.047.254.080;32.938.658.262.399.700;147;131;2;4;1;0;1
MHS315;1;2.079.835.481.882.910;3.805.085.764.689.300;2.598.013.800.596.510;3.373.044.059.769.840;134;118;2;1;1;0;1
MHS316;0;3.052.947.226.557.610;3.292.206.490.236.240;39.882.202.922.577.400;2.217.879.194.144.470;145;120;3;2;0;1;1
MHS317;0;2.905.439.804.611.480;346.082.505.596.223;2.936.225.439.811.230;37.555.774.651.236.700;84;67;4;4;0;1;1
MHS318;0;3.373.050.493.434.660;2.187.482.015.376.540;30.460.897.548.182.400;2.841.720.823.868.740;137;112;3;2;0;0;1
MHS319;0;26.735.210.043.710.900;3.606.690.699.952.490;30.315.896.137.782.500;36.551.923.510.849.800;118;96;1;3;0;0;1
MHS320;0;3.476.512.073.572.610;2.0;4.0;3.428.887.303.497.580;129;108;2;4;0;1;1
MHS321;1;2.634.243.298.051.830;24.884.022.443.408.500;24.850.326.645.471.200;2.625.484.264.522.450;120;99;3;3;1;1;1
MHS322;1;34.059.701.641.976.400;36.689.155.104.830.500;37.413.573.970.862.000;27.594.632.213.077.500;127;110;2;5;0;0;1
MHS323;1;2.767.797.868.845.300;32.310.304.466.259.400;33.916.952.546.412.900;2.874.230.556.977.750;108;93;4;5;0;1;1
MHS324;0;28.232.522.768.991.500;2.480.915.426.456.530;37.486.844.854.670.600;2.747.723.781.457.890;101;75;2;5;0;0;1
MHS325;0;28.376.132.633.604.100;4.0;3.237.683.017.173.600;2.926.828.823.172.580;94;68;1;4;1;0;1
MHS326;0;2.576.285.153.941.020;3.269.403.105.875.970;29.756.965.525.635.900;3.224.306.551.659.080;135;128;3;2;1;0;1
MHS327;0;35.437.320.870.157.400;3.462.080.911.927.950;2.788.683.219.639.220;3.338.299.008.307.920;110;82;1;4;1;1;1
MHS328;1;3.529.103.523.471.950;34.687.800.611.023.800;33.168.057.702.879.100;3.043.984.410.526.410;134;118;3;1;0;1;1
MHS329;1;33.970.700.300.380.800;2.889.872.699.251.950;31.280.274.321.416.200;2.838.381.017.738.950;102;89;2;4;0;1;1
MHS330;1;3.445.191.581.759.890;3.287.602.508.053.280;3.250.332.860.690.600;302.488.684.359.048;134;130;3;5;1;0;1
MHS331;1;31.218.185.235.137.600;36.933.790.330.655.700;25.018.041.554.164.600;28.600.634.569.169.800;143;119;4;3;1;0;1
MHS332;1;3.188.287.007.569.560;34.049.289.208.185.100;26.753.041.531.281.200;3.386.047.394.487.640;125;103;3;1;1;0;1
MHS333;0;2.327.257.581.873.880;33.410.297.542.884.000;28.038.426.156.330.400;27.887.436.327.889.700;81;52;1;2;0;0;1
MHS334;1;22.388.204.068.910.500;3.556.344.187.494.960;26.853.683.031.536.000;376.686.385.495.825;128;128;2;1;1;0;0
MHS335;0;2.744.832.508.396.120;31.058.748.590.405.600;2.748.459.730.447.670;2.374.965.755.396.800;102;90;4;5;0;0;1
MHS336;0;2.820.115.677.105.450;2.336.976.156.958.980;2.793.267.419.438.360;3.130.140.253.291.440;98;75;2;1;0;0;1
MHS337;1;3.016.398.497.705.790;26.207.523.326.499.600;28.847.996.428.971.100;2.537.883.427.865.840;138;121;2;3;0;0;1
MHS338;0;2.601.428.637.796.710;3.018.437.402.093.170;31.952.969.530.996.100;4.0;104;89;2;3;1;1;1
MHS339;1;30.437.891.094.767.900;31.979.678.378.133.800;29.583.078.623.628.500;30.928.462.948.705.200;123;104;4;2;1;0;1
MHS340;0;4.0;33.855.194.599.766.200;25.475.426.739.719.900;37.275.302.912.408.800;96;87;1;0;1;1;0
MHS341;1;2.438.727.596.877.790;25.412.485.894.928.600;35.088.307.334.217.500;3.135.747.655.412.820;134;116;2;0;1;0;1
MHS342;0;22.777.413.314.988.600;3.715.173.299.423.960;3.071.027.905.797;274.955.927.934.896;114;111;3;0;0;1;1
MHS343;0;29.451.152.480.919.200;3.248.742.628.652.820;2.807.308.336.237.390;3.210.226.238.623.770;101;96;4;5;0;1;1
MHS344;1;25.828.179.105.019.900;3.585.713.173.881.930;31.751.708.896.141.900;31.489.280.471.030.100;73;45;3;0;0;1;1
MHS345;0;38.747.919.521.027.100;36.907.270.393.452.400;2.353.868.652.447.190;3.344.853.902.622.590;109;103;1;4;0;0;1
MHS346;1;251.344.231.988.934;20.612.785.573.819.400;32.301.649.365.899.000;23.252.255.759.128.100;85;68;2;1;1;1;1
MHS347;0;2.299.790.219.834.610;31.033.873.899.172.000;37.085.102.064.908.100;33.406.697.515.928.000;77;59;2;1;0;0;1
MHS348;0;3.536.489.023.883.000;4.0;2.607.006.983.682.500;23.094.776.984.231.100;123;119;1;1;1;0;0
MHS349;0;3.499.664.855.619.870;2.881.461.504.557.210;3.527.333.289.384.380;3.218.040.977.563.620;109;106;2;3;0;0;1
MHS350;0;2.760.474.471.319.120;21.132.478.330.251.900;2.654.806.686.930.660;3.002.046.503.837.720;123;100;4;3;0;0;1
MHS351;0;33.686.456.582.735.200;2.920.691.661.474.330;30.212.412.694.615.800;24.980.544.603.905.800;143;116;1;1;0;0;1
MHS352;0;2.895.535.756.560.210;36.339.610.666.659.400;29.479.379.228.877.300;33.898.777.481.444.100;92;68;1;4;0;1;1
MHS353;1;3.055.341.202.827.910;3.062.849.911.088.490;33.078.503.646.812.700;27.174.131.841.970.100;74;71;2;1;0;1;0
MHS354;1;2.885.100.184.712.400;2.574.296.782.869.840;3.087.605.709.454.250;4.0;91;83;2;4;1;0;1
MHS355;0;27.450.707.311.178.500;2.0;28.935.958.692.591.900;29.813.130.701.006.900;142;114;3;4;0;0;1
MHS356;1;2.481.491.215.306.110;3.371.907.849.250.220;30.560.524.734.122.500;38.723.195.866.293.400;91;70;1;5;0;1;1
MHS357;0;328.630.405.395.705;3.174.345.225.878.620;3.156.768.983.641.750;25.592.831.957.709.600;105;104;1;1;1;0;0
MHS358;1;2.745.805.314.370.960;2.669.628.981.982.340;2.566.638.512.685.770;2.387.116.091.621.190;97;74;4;2;0;0;1
MHS359;0;3.268.188.926.300.850;3.183.282.878.596.560;25.765.438.358.415.100;38.599.231.055.512.900;134;106;2;1;0;0;1
MHS360;1;28.205.767.915.435.400;30.283.142.259.060.800;3.066.575.605.712.140;31.507.102.577.583.800;133;105;1;1;0;0;1
MHS361;0;34.292.255.583.283.300;2.882.689.715.021.290;30.191.189.974.800.100;2.275.704.292.683.220;122;122;1;5;0;0;1
MHS362;0;2.546.715.059.111.430;3.854.693.033.278.850;2.868.721.883.216.280;31.820.335.142.842.000;95;68;4;0;1;1;1
MHS363;0;3.622.249.038.010.520;30.660.104.613.087.700;31.807.210.184.736.600;31.691.733.334.607.900;120;99;1;5;0;0;1
MHS364;0;25.999.807.178.011.700;29.682.377.126.923.200;36.187.190.673.420.600;2.771.349.172.456.600;120;105;2;5;1;1;1
MHS365;0;32.480.824.527.989.600;3.022.133.986.674.550;3.095.769.649.722.410;2.720.128.763.202.250;114;97;2;4;0;1;1
MHS366;0;29.664.964.290.282.400;2.714.312.889.275.040;30.755.061.452.789.000;28.583.662.455.802.600;109;83;3;5;1;0;1
MHS367;1;3.448.533.098.443.560;3.637.437.520.639.360;33.257.609.956.697.500;2.431.157.164.787.590;118;110;4;3;1;0;1
MHS368;1;2.632.913.100.610.750;30.409.977.782.067.800;32.286.402.023.076.200;37.279.111.610.733.800;114;85;3;1;1;0;1
MHS369;0;35.371.236.169.723.300;37.630.931.586.808.300;26.396.801.640.840.200;326.441.565.090.651;78;51;2;4;1;0;1
MHS370;1;32.707.037.844.362.900;3.720.858.380.475.020;339.206.379.543.235;31.552.956.294.363.500;131;122;4;1;0;0;0
MHS371;0;25.761.830.356.904.500;26.739.555.557.034.600;2.455.183.481.328.800;26.076.190.459.361.400;128;127;2;5;1;1;1
MHS372;1;31.896.404.359.113.200;38.045.370.862.366.400;24.798.541.358.861.900;31.202.124.384.193.900;92;75;2;0;1;1;1
MHS373;1;4.0;3.265.995.303.805.900;2.593.493.939.139.810;3.366.994.613.709.280;114;87;1;1;1;0;1
MHS374;0;2.237.035.140.613.700;3.308.937.400.232.280;35.222.569.931.217.300;32.685.892.138.128.800;73;51;3;5;1;1;1
MHS375;1;2.525.287.836.637.110;3.717.367.489.832.170;27.699.618.729.332.500;2.966.806.191.205.010;132;111;2;4;0;1;1
MHS376;0;32.227.694.232.645.000;355.559.967.832.664;3.186.416.495.899.310;3.235.257.380.880.400;125;112;3;4;0;1;1
MHS377;0;31.675.290.145.420.500;31.580.779.785.913.800;3.234.633.794.904.260;2.232.213.938.396.440;107;92;3;3;1;0;1
MHS378;0;3.378.394.339.993.490;3.306.234.397.006.800;24.916.584.357.117.500;28.779.597.631.628.900;144;118;1;2;1;0;1
MHS379;1;35.408.833.638.364.100;23.438.904.032.842.900;33.110.349.951.530.200;3.664.466.659.767.700;101;79;3;2;1;0;1
MHS380;0;34.833.802.313.044.700;31.652.866.963.127.100;3.816.974.091.761.820;3.877.387.772.423.290;130;102;3;2;0;1;1
MHS381;1;3.116.873.588.211.450;24.640.125.418.629.100;35.272.967.581.135.200;3.099.451.331.075.160;80;67;2;3;0;0;1
MHS382;0;2.0;2.321.104.552.371.060;35.704.277.478.108.200;2.990.753.705.803.470;111;92;2;0;1;0;1
MHS383;1;3.977.078.716.875.140;27.471.266.478.690.300;24.705.462.064.717;37.408.317.012.312.900;144;124;4;4;0;0;1
MHS384;0;3.505.731.517.704.170;36.707.379.577.654.400;2.628.757.883.730.800;27.573.470.823.160.600;133;127;4;0;0;1;0
MHS385;1;3.046.539.936.269.720;27.328.434.988.619.100;3.318.685.988.793.890;2.966.558.730.771.430;119;100;2;0;0;0;1
MHS386;0;20.033.905.882.946.900;2.0;32.948.047.733.460.100;3.133.456.038.244.690;97;74;2;5;0;0;1
MHS387;1;21.726.358.617.950.000;32.693.990.793.846.300;30.755.552.186.424.000;338.263.821.918.238;141;130;4;2;1;1;1
MHS388;1;31.033.232.190.491.600;336.924.541.630.317;34.050.403.259.545.900;24.610.629.485.156.300;76;61;1;2;0;1;1
MHS389;1;36.064.104.925.159.300;27.482.822.204.194;26.983.960.519.411.800;2.681.737.138.412.190;126;119;3;4;1;1;1
MHS390;1;2.589.939.139.951.890;2.032.117.226.394.380;38.184.128.450.562.200;24.970.936.648.189.400;111;82;1;2;1;0;1
MHS391;1;2.911.612.918.442.100;22.256.908.505.681.200;2.754.423.126.428.940;28.575.622.533.151.600;121;107;1;3;0;0;1
MHS392;1;32.716.483.320.411.400;23.910.381.866.174.400;27.756.417.156.674.500;35.452.171.706.995.500;105;77;1;3;0;1;1
MHS393;1;3.099.648.654.996.030;31.433.649.195.418.900;2.755.575.078.628.610;2.860.783.558.680.570;100;78;3;3;1;1;1
MHS394;1;3.118.208.931.179.960;24.684.910.042.115.000;24.171.642.048.556.600;30.090.208.243.170.400;113;98;4;5;0;0;1
MHS395;0;2.057.116.540.622.870;2.803.099.065.778.240;24.070.697.264.348.900;2.0;82;58;4;1;0;1;1
MHS396;1;2.460.462.249.966.010;32.945.696.795.139.800;37.584.064.335.649.300;3.178.919.174.335.510;109;90;2;2;0;1;1
MHS397;0;2.973.797.774.711.260;38.520.527.581.277.400;36.234.458.577.673.500;29.689.979.953.169.800;140;116;3;1;1;0;1
MHS398;0;3.781.444.384.254.090;2.863.003.459.085.340;2.878.308.010.312.490;285.008.090.186.256;75;57;1;0;1;1;1
MHS399;1;23.833.655.868.515.600;33.303.616.972.318.700;2.0;3.431.895.912.284.830;101;75;2;5;1;1;1
MHS400;0;2.545.674.852.129.280;26.424.759.085.166.800;3.220.993.003.197.510;2.784.807.261.801.490;91;63;2;5;0;1;1
MHS401;1;28.475.979.552.411.300;33.694.577.355.218.400;32.598.072.299.239.000;38.141.729.796.956.800;138;109;4;0;0;0;1
MHS402;0;3.204.303.653.850.880;2.846.095.764.430.550;25.807.071.007.763.800;25.566.595.388.582.700;82;70;3;1;1;0;1
MHS403;1;23.403.390.431.101.100;2.696.025.776.357.400;3.192.830.000.234.610;2.167.357.666.433.770;146;130;4;1;1;1;1
MHS404;0;26.719.020.225.557.700;2.633.553.557.136.380;2.965.210.895.539.380;344.499.378.110.855;97;73;1;1;1;1;1
MHS405;0;27.368.760.717.412.800;3.694.168.889.104.220;2.807.489.094.143.560;3.191.494.492.370.460;90;75;3;0;1;0;1
MHS406;1;28.113.392.449.408.600;4.0;27.835.495.906.074.200;3.157.224.458.675.980;121;92;1;0;1;0;1
MHS407;1;26.113.049.620.705.400;33.466.623.451.663.000;2.785.827.380.147.060;2.0;147;123;1;2;1;1;1
MHS408;0;237.314.993.505.089;32.313.330.684.099.400;30.495.632.680.773.100;26.782.346.511.478.000;86;86;4;1;0;0;1
MHS409;0;22.827.673.290.751.500;2.471.333.591.412.630;27.839.381.453.379.700;3.782.309.870.580.370;141;133;1;2;0;0;1
MHS410;1;32.527.021.367.154.900;3.097.922.623.505.340;3.347.510.347.544.110;22.688.876.301.550.700;88;65;2;3;1;1;1
MHS411;0;30.804.894.735.894.900;4.0;33.385.734.331.788.100;2.877.349.729.333.730;105;80;1;3;1;1;1
MHS412;0;3.438.023.396.264.890;3.736.335.337.875.490;26.980.096.870.153.800;28.852.256.723.198.200;97;97;2;1;1;1;0
MHS413;0;33.202.398.976.004.100;29.047.484.470.010.900;31.620.285.141.107.800;2.426.154.305.092.160;83;71;1;1;0;1;1
MHS414;1;4.0;28.138.637.578.572.000;3.412.374.503.286.140;34.080.034.243.872.100;79;61;3;4;0;1;1
MHS415;0;3.317.723.014.157.170;2.441.290.913.243.300;2.146.307.758.728.000;22.232.082.282.925.900;119;100;4;3;0;1;1
MHS416;0;29.277.657.923.501.000;25.264.766.710.797.300;3.073.770.455.932.660;30.384.942.098.624.400;90;66;4;0;1;1;1
MHS417;0;31.146.570.642.173.200;38.563.338.564.192.800;2.968.667.738.233.710;20.746.841.791.525.700;121;107;2;0;0;1;1
MHS418;0;2.198.661.927.570.700;2.392.201.002.022.870;3.021.541.504.012.190;2.871.724.509.723.560;90;63;3;5;1;0;1
MHS419;1;289.163.174.279.788;34.296.568.955.614.800;3.233.358.117.002.590;32.531.834.887.631.200;74;49;1;4;0;0;1
MHS420;1;3.087.229.647.418.350;25.818.559.406.373.000;31.612.334.505.008.700;28.884.664.822.596.200;71;71;4;3;0;1;1
MHS421;0;25.240.407.699.888.800;30.387.402.592.594.300;31.288.762.700.713.700;2.379.119.712.259.180;132;104;1;5;1;1;1
MHS422;1;20.460.962.210.613.000;2.569.807.494.610.240;2.793.197.233.289.170;39.438.438.286.700.900;109;105;3;0;0;0;1
MHS423;0;33.222.531.376.369.000;3.152.936.027.548.010;2.873.334.834.422.520;30.733.206.421.487.300;149;142;2;0;0;1;0
MHS424;1;31.413.943.482.418.300;285.464.462.832.339;33.485.326.370.071.900;2.880.416.809.965.480;104;91;2;4;0;1;1
MHS425;0;2.603.895.546.907.650;2.0;3.205.381.094.787.940;29.065.983.043.694.900;75;71;2;1;0;0;1
MHS426;0;33.201.985.924.558.300;3.074.485.974.663.600;24.532.214.270.558.800;2.588.764.543.575.350;128;111;2;3;0;0;1
MHS427;1;27.800.185.437.967.100;32.748.497.091.555.000;3.037.960.267.129.740;21.949.642.762.928.100;132;122;3;3;0;0;1
MHS428;0;3.357.304.895.318.300;2.0;3.579.537.032.477.940;2.831.872.630.659.460;93;65;1;0;0;0;1
MHS429;1;28.557.256.520.621.400;2.608.123.239.437.780;38.674.682.879.184.000;25.716.139.530.866.000;83;79;4;5;1;1;1
MHS430;0;27.808.704.413.107.100;2.730.920.499.396.630;3.925.582.970.973.350;3.080.508.942.752.220;72;51;4;2;0;0;1
MHS431;0;31.767.739.315.993.300;2.872.034.719.165.120;3.685.204.846.991.930;37.147.289.010.220.000;99;90;2;1;1;0;0
MHS432;0;38.131.902.028.343.100;274.869.019.308.412;28.507.016.311.951.800;31.370.136.763.360.400;138;109;2;1;0;1;1
MHS433;1;33.661.172.535.663.200;2.893.303.890.696.420;33.273.383.087.411.500;27.633.674.765.834.700;109;84;4;0;0;1;1
MHS434;1;3.168.966.860.317.330;2.874.800.676.314.950;36.254.772.371.134.200;31.131.144.102.920.400;112;96;4;3;0;1;1
MHS435;0;2.568.058.519.705.110;36.397.324.658.288.700;35.208.623.320.294.200;32.917.721.515.059.400;91;91;4;5;1;0;1
MHS436;0;3.742.609.620.506.360;28.791.507.742.917.500;2.0;2.316.634.133.258.540;142;120;2;2;0;0;1
MHS437;0;32.253.017.064.312.600;2.065.091.830.233.910;2.419.108.078.043.810;28.584.305.516.281.100;94;85;2;1;0;1;1
MHS438;1;3.541.636.621.733.100;2.716.796.628.518.750;2.710.399.921.139.330;28.875.133.503.558.400;144;134;1;4;1;0;1
MHS439;0;28.131.689.608.679.100;27.463.642.947.030.900;2.703.048.413.989.840;29.468.892.530.789.900;144;129;1;2;1;0;1
MHS440;0;26.543.127.512.930.300;35.225.672.741.921.300;34.116.547.260.520.900;2.475.060.379.553.620;129;117;4;5;1;1;1
MHS441;0;4.0;3.650.156.596.067.790;27.201.340.439.299.400;3.191.213.280.867.550;115;108;4;3;0;1;1
MHS442;0;27.045.914.506.320.900;33.275.203.068.908.900;33.178.307.983.754.800;27.256.254.332.925.900;138;113;4;3;1;1;1
MHS443;0;22.790.777.870.001.400;3.428.665.382.780.300;25.339.436.267.718.600;2.388.989.564.214.920;140;128;4;3;0;0;1
MHS444;0;2.480.728.089.578.010;21.843.620.922.695.200;23.812.866.808.887.100;3.054.704.235.916.480;90;86;3;3;0;1;1
MHS445;0;2.596.818.651.431.840;2.327.208.299.947.510;38.490.464.531.668.600;2.567.464.286.414.430;138;117;4;5;0;0;1
MHS446;0;26.882.678.298.219.800;33.724.492.246.968.400;2.367.927.932.486.160;2.453.281.708.951.790;142;136;3;2;1;1;1
MHS447;1;34.876.562.292.389.800;32.578.140.442.219.700;34.892.110.560.140.100;3.261.071.272.966.960;74;55;3;5;0;0;1
MHS448;1;24.016.056.767.868.400;34.468.488.446.945.500;34.464.769.350.543.800;3.914.810.100.858.040;130;112;3;4;1;1;1
MHS449;0;22.324.798.762.338.200;2.059.994.983.046.110;33.563.560.144.306.600;2.058.424.895.970.700;85;70;2;4;0;0;1
MHS450;1;3.111.144.927.900.420;36.394.329.066.566.900;25.238.418.096.306.000;26.615.024.307.707.300;140;139;2;3;1;0;1
MHS451;1;27.398.089.398.988.000;2.864.272.132.273.960;24.968.653.228.372.500;2.828.011.964.283.100;79;52;2;0;0;1;1
MHS452;0;23.739.127.762.678.300;3.382.904.745.663.100;24.175.945.303.306.900;3.304.549.303.221.350;126;107;2;2;0;0;1
MHS453;1;28.569.156.816.560.100;2.0;289.548.945.017.432;3.266.742.538.412.260;145;120;1;1;1;0;1
MHS454;1;29.689.453.350.399.000;3.614.419.647.536.270;33.447.024.683.901.300;3.553.318.892.109.040;105;82;2;2;1;0;1
MHS455;0;3.092.355.237.390.540;34.689.577.687.553.200;3.006.249.660.953.620;4.0;79;66;2;4;1;1;1
MHS456;1;31.881.608.885.155.900;3.155.607.948.975.740;30.665.534.512.319.800;29.338.784.729.383.000;114;111;2;5;0;1;1
MHS457;0;30.556.383.840.266.300;3.076.217.383.437.090;35.911.170.144.691.500;35.803.495.017.985.900;87;82;3;4;0;1;1
MHS458;0;28.884.201.829.095.500;3.271.803.963.740.060;291.856.343.950.421;24.740.425.374.721.500;147;142;4;0;0;0;1
MHS459;1;29.583.031.894.355.500;2.0;33.413.180.417.843.500;28.426.681.913.266.000;147;133;3;0;0;0;1
MHS460;0;23.512.451.800.088.800;2.621.071.901.997.060;30.124.287.518.756.300;28.497.725.655.911.200;109;97;3;3;0;0;1
MHS461;0;36.660.945.553.803.900;31.132.959.957.464.000;37.793.606.064.217.100;24.564.638.117.152.400;138;111;3;0;1;0;1
MHS462;0;26.861.330.469.577.400;2.855.980.563.038.960;3.709.265.672.574.010;2.0;85;83;4;5;0;0;1
MHS463;0;2.396.489.176.071.390;2.462.343.803.475.380;38.381.965.136.041.000;25.272.465.600.286.300;139;132;1;2;0;0;1
MHS464;1;31.083.124.877.023.000;24.871.236.581.798.600;35.504.106.992.113.000;35.306.854.824.365.600;142;136;4;2;1;0;1
MHS465;1;30.589.422.530.516.700;2.914.324.503.598.190;3.562.347.928.398.440;33.651.635.029.616.600;121;107;1;4;1;0;1
MHS466;0;3.140.055.130.523.290;2.248.389.032.793.560;20.967.060.137.655.500;30.977.545.750.787.200;92;82;1;3;0;1;1
MHS467;1;35.902.454.389.864.800;4.0;33.286.824.816.947.800;2.364.795.628.010.280;96;86;2;1;0;0;1
MHS468;1;3.786.530.183.032.080;2.195.615.668.397.730;25.171.074.899.305.200;32.134.134.873.830.000;141;115;4;5;0;1;1
MHS469;0;2.740.421.338.603.150;4.0;329.936.950.799.657;25.398.807.351.118.100;81;71;3;4;0;1;1
MHS470;0;28.129.098.620.049.000;2.922.217.152.739.080;3.383.098.004.587.050;35.052.069.131.253.200;126;107;2;3;0;1;1
MHS471;0;24.049.004.859.522.400;35.436.784.128.579.800;3.409.063.643.124.090;2.0;114;92;2;3;0;0;1
MHS472;0;27.030.942.959.656.400;29.171.842.948.411.800;3.039.288.514.859.570;2.0;147;145;2;3;0;0;1
MHS473;1;29.318.308.264.927.500;3.530.197.952.616.940;3.756.672.251.069.730;37.407.578.964.207.900;107;85;1;1;0;1;1
MHS474;0;4.0;2.728.858.831.118.660;2.101.630.993.510.970;37.451.897.350.964.900;121;121;1;3;0;1;1
MHS475;1;30.542.606.380.361.700;27.910.808.379.393.200;25.041.697.786.831.600;33.447.157.852.575.600;140;111;2;0;0;0;1
MHS476;1;35.529.502.121.786.500;27.180.262.559.708.700;2.591.891.377.729.010;30.390.715.314.848.200;96;83;1;1;1;1;1
MHS477;0;2.963.013.568.202.810;2.962.167.197.837.080;3.986.271.088.394.900;2.307.006.028.800.500;86;80;4;5;1;1;1
MHS478;0;2.283.530.439.657.240;30.059.641.187.000.700;3.513.941.047.010.370;2.673.745.429.789.630;81;52;4;1;1;0;1
MHS479;0;32.797.885.307.552.300;2.593.234.825.316.880;29.493.108.718.678.900;27.536.136.358.785.300;87;58;1;5;0;1;1
MHS480;0;31.993.475.918.111.100;2.755.380.383.500.450;22.269.189.401.945.500;35.764.722.759.114.300;90;79;3;4;0;0;1
MHS481;1;35.949.455.269.374.900;2.199.798.219.121.060;28.897.569.229.162.900;28.676.926.483.139.300;107;103;2;0;1;0;1
MHS482;0;32.129.218.293.149.100;3.209.102.877.943.980;2.111.994.122.975.790;3.531.970.493.780.420;91;90;4;5;1;0;1
MHS483;0;2.239.201.578.683.660;3.873.369.468.754.170;30.258.919.255.994.700;32.883.969.119.569.000;97;70;3;0;0;1;1
MHS484;0;3.217.071.110.131.100;32.135.668.643.438.300;26.555.207.942.707.500;3.457.547.369.791.470;128;119;3;1;0;0;0
MHS485;0;25.704.862.305.656.400;3.406.774.019.985.270;2.167.553.789.935.520;3.710.088.481.346.680;107;95;1;2;0;1;1
MHS486;1;2.901.115.477.647.190;30.945.556.083.019.700;26.361.638.225.718.800;3.004.732.597.011.340;114;107;3;4;0;1;1
MHS487;0;3.273.480.547.731.640;30.344.228.656.419.200;4.0;32.981.985.345.588.200;70;61;3;5;1;1;1
MHS488;0;2.181.197.541.271.660;3.059.800.131.333.550;31.595.801.450.459.900;3.065.510.381.039.340;87;58;1;2;1;1;1
MHS489;1;25.189.054.100.096.500;32.512.236.333.645.000;29.205.321.323.356.000;2.790.764.484.741.400;101;87;1;3;1;0;1
MHS490;1;30.551.948.195.538.400;32.537.104.639.166.400;25.420.376.363.687.800;35.671.473.969.441.000;114;102;1;0;1;1;1
MHS491;1;3.310.373.777.639.710;3.520.094.282.396.370;22.979.993.518.094.500;4.0;132;121;3;4;1;0;1
MHS492;0;3.495.097.378.244.920;3.212.378.090.566.180;3.597.047.624.973.070;2.441.901.194.320.150;83;62;1;3;1;0;1
MHS493;0;3.161.487.251.808.830;29.694.980.140.723.000;32.501.202.347.182.800;27.331.998.467.804.100;145;123;4;3;1;0;1
MHS494;0;32.173.850.322.784.400;32.377.153.412.633.100;2.602.221.466.029.550;3.212.196.968.930.500;109;94;2;4;1;0;1
MHS495;1;2.517.167.598.238.390;38.145.831.824.504.700;2.709.108.983.303.970;24.130.600.177.955.100;133;111;3;2;0;1;1
MHS496;1;2.911.030.912.504.030;32.599.317.198.999.000;337.165.606.477.146;23.892.524.684.667.100;92;66;1;3;1;1;1
MHS497;0;2.731.638.444.958.480;33.580.553.490.405.400;27.024.016.345.288.500;29.824.233.865.340.900;75;49;1;4;0;0;1
MHS498;0;303.046.454.692.468;22.965.002.110.184.600;29.144.866.267.271.800;2.468.611.586.266.910;89;85;2;4;1;0;1
MHS499;1;20.762.958.077.360.400;30.597.784.622.992.400;2.999.131.738.362.150;2.886.056.009.224.660;107;102;1;2;1;1;1
MHS500;1;3.102.814.907.346.740;24.829.315.004.716.100;2.555.324.003.460.390;3.689.142.046.811.330;104;75;1;3;0;0;1
MHS501;0;31.145.373.441.028.500;3.537.159.006.357.780;3.112.169.828.389.040;34.520.087.773.806.500;88;66;3;0;1;1;1
MHS502;0;25.863.255.001.798.200;24.145.140.606.391.900;28.082.694.771.211.700;27.983.161.633.267.500;124;107;2;0;0;0;1
MHS503;1;2.655.583.802.837.700;3.071.374.168.022.470;28.056.417.545.313.800;3.199.699.374.639.250;100;91;2;5;0;1;1
MHS504;1;2.640.496.666.159.290;2.218.455.250.919.790;36.684.602.187.823.500;35.912.828.635.304.300;78;53;4;0;1;0;1
MHS505;0;3.885.694.487.194.500;32.456.014.692.505.000;3.532.241.376.804.280;3.281.184.145.808.330;71;43;1;3;1;0;1
MHS506;1;28.012.436.805.450.600;2.842.108.811.779.910;22.959.483.130.935.500;35.409.130.755.201.300;78;49;1;2;0;0;1
MHS507;0;2.093.383.356.998.470;24.706.947.047.354.000;4.0;30.680.864.415.324.100;129;107;3;4;0;0;1
MHS508;1;34.329.763.419.583.200;2.858.711.950.606.770;29.141.412.167.018.800;29.140.141.968.536.600;89;78;3;0;0;1;1
MHS509;0;3.265.548.301.142.300;38.112.491.704.505.000;3.011.101.967.271.310;22.695.375.306.741.700;127;125;2;2;1;1;1
MHS510;1;23.779.124.436.610.800;383.215.619.386.227;3.005.321.121.616.320;2.887.884.896.697.620;131;116;4;0;1;0;1
MHS511;0;3.559.412.826.853.210;2.628.169.193.316.610;32.013.611.084.364.100;2.544.413.011.824.580;76;47;3;0;0;1;1
MHS512;0;34.009.154.912.724.500;2.701.505.804.512.110;30.908.371.364.517.300;26.205.475.802.398;111;95;3;4;0;0;1
MHS513;0;2.649.673.672.827.720;344.132.403.850.656;2.785.267.428.249.420;34.415.230.638.505.100;124;108;2;2;1;0;1
MHS514;0;2.803.839.498.743.620;29.128.018.408.276.000;2.584.059.378.288.060;29.453.837.849.067.200;123;100;3;5;0;1;1
MHS515;0;2.928.926.731.529.720;3.169.343.658.960.840;35.147.287.407.991.700;3.436.157.690.014.220;125;104;4;2;0;0;1
MHS516;1;33.971.227.955.004.800;2.787.069.206.799.200;3.269.572.058.975.070;3.489.184.968.884.880;102;85;3;3;0;0;1
MHS517;0;2.569.903.652.288.750;4.0;31.894.052.647.482.900;3.188.914.610.611.070;116;87;3;3;1;0;1
MHS518;1;25.108.388.962.040.200;37.033.904.278.940.100;318.070.776.188.599;3.304.114.447.653.650;92;75;2;5;1;1;1
MHS519;0;28.980.795.346.306.700;2.708.846.215.233.610;28.078.809.907.681.600;3.260.904.370.009.360;148;146;2;4;0;1;1
MHS520;1;3.030.068.488.984.140;3.173.794.551.281.380;3.094.423.178.565.450;21.629.071.505.930.400;140;112;3;4;0;1;1
MHS521;1;31.074.132.530.583.000;27.191.087.525.849.900;2.223.286.100.766.600;38.729.356.680.675.700;130;110;2;2;0;1;1
MHS522;1;2.502.298.198.487.620;3.913.630.752.478.500;2.172.315.559.297.090;28.572.481.515.144.400;71;68;1;1;1;1;1
MHS523;0;29.986.248.794.829.000;301.053.009.918.218;2.885.830.832.350.270;33.099.045.537.651.500;106;99;1;4;1;0;1
MHS524;1;32.394.093.741.065.300;33.397.878.425.803.200;30.747.097.367.545.900;28.558.038.998.498.500;134;134;1;3;1;0;1
MHS525;1;30.637.711.971.852.500;288.841.441.426.329;25.122.147.170.385.200;33.876.571.052.598.200;124;121;4;5;1;1;1
MHS526;1;29.467.560.584.097.200;2.773.103.757.417.950;27.130.349.960.163.200;3.546.618.553.791.100;112;106;1;1;0;0;1
MHS527;1;28.937.855.350.447.600;37.521.071.414.149.600;29.949.171.396.286.100;3.148.182.219.627.310;76;69;2;5;1;0;1
MHS528;1;3.144.205.574.358.030;27.186.539.877.798.800;2.289.423.429.927.180;2.741.431.459.775.610;120;115;4;3;1;0;1
MHS529;1;30.577.989.985.318.600;2.441.797.610.024.980;28.531.309.567.209.600;23.558.971.965.087.400;126;104;4;2;1;1;1
MHS530;0;2.0;29.569.651.536.045.500;2.924.839.769.864.060;2.836.651.893.406.810;86;81;2;0;0;1;1
MHS531;1;31.581.791.607.680.700;2.557.375.656.937.880;30.905.313.713.855.400;3.651.639.018.658.030;106;106;3;0;0;0;0
MHS532;0;290.850.328.909.665;24.488.452.628.793.500;22.591.108.472.515.800;2.955.840.560.593.850;134;131;2;2;0;0;1
MHS533;0;29.178.323.970.573.000;31.060.466.765.370.800;2.503.320.650.209.020;24.920.605.865.050.100;115;103;4;5;1;1;1
MHS534;0;38.210.121.075.224.700;3.376.812.142.635.990;2.882.436.833.725.440;2.319.263.831.933.630;81;76;2;0;1;0;0
MHS535;1;28.782.368.054.073.600;25.280.677.047.885.700;26.832.610.037.815.300;33.321.937.671.178.100;92;70;2;4;0;0;1
MHS536;1;33.984.979.318.611.300;32.253.693.950.217.700;3.175.005.598.967.580;2.673.556.320.900.460;71;49;2;0;1;0;1
MHS537;1;3.657.389.912.798.250;2.717.244.355.891.170;3.598.593.242.311.210;22.619.664.541.141.300;98;97;1;0;0;0;0
MHS538;0;3.139.495.897.374.230;3.430.908.401.609.410;2.375.302.398.470.230;2.446.008.478.978.540;75;69;2;1;1;1;1
MHS539;1;22.149.883.534.602.300;31.579.267.249.737.200;32.302.202.537.898.600;2.963.576.416.473.910;111;93;4;3;1;1;1
MHS540;0;3.803.132.380.225.770;3.080.782.252.970.920;25.557.683.988.205.900;3.307.889.424.543.960;128;111;2;1;0;1;1
MHS541;1;28.360.290.398.663.200;3.400.540.481.894.090;24.450.235.814.818.700;3.573.530.688.920.210;143;119;1;2;0;1;1
MHS542;0;2.731.913.916.688.000;28.679.811.190.027.900;2.469.353.234.144.250;2.977.267.511.935.490;78;75;1;0;0;1;1
MHS543;1;38.245.331.436.002.400;33.132.452.007.552.700;2.831.838.815.710.160;2.223.082.907.152.480;98;75;2;4;0;1;1
MHS544;1;24.513.158.405.144.600;22.615.375.362.340.400;26.303.142.962.704.800;35.959.496.672.067.800;89;66;4;2;1;0;1
MHS545;0;28.798.358.812.834.900;2.165.066.166.663.130;33.719.508.384.401.400;25.836.473.906.972.700;121;96;1;1;1;1;1
MHS546;1;3.554.228.328.221.410;32.090.493.027.186.100;20.946.011.997.201.800;32.415.316.796.306.600;145;129;4;2;0;0;1
MHS547;0;3.228.483.682.266.730;36.564.513.269.598.900;32.800.075.737.039.600;2.0;93;65;2;5;0;0;1
MHS548;0;38.345.347.629.131.600;2.528.720.997.104.060;3.807.389.395.354.920;28.389.859.227.539.700;75;60;4;0;1;0;1
MHS549;1;26.727.990.524.157.400;25.346.678.910.198.000;2.941.744.810.826.500;3.832.400.914.620.220;132;130;4;3;0;1;1
MHS550;0;3.613.575.837.061.390;32.271.818.537.493.200;4.0;33.410.481.137.999.400;95;75;4;3;1;1;1
MHS551;1;3.480.152.398.140.730;3.231.241.812.033.420;24.103.154.391.836.900;30.861.271.932.055.100;128;115;3;3;1;1;1
MHS552;1;30.300.429.973.075.800;31.941.560.027.117.200;36.247.524.503.530.700;23.336.113.012.601.700;75;63;4;3;1;1;1
MHS553;1;3.180.892.881.130.860;3.542.214.788.692.190;24.885.272.398.832.500;27.110.073.067.881.600;117;99;2;3;0;0;1
MHS554;0;28.829.821.140.217.100;26.619.446.323.719.300;24.215.753.349.306.700;3.461.922.092.130.500;72;47;1;4;0;0;1
MHS555;0;2.783.978.117.512.930;2.636.345.968.614.840;3.833.531.218.071.080;30.607.536.484.203.700;80;75;4;1;1;0;0
MHS556;0;24.566.874.115.231.400;25.519.424.857.817.000;25.260.926.224.357.700;33.027.292.084.102.600;103;95;2;1;0;0;1
MHS557;0;31.555.549.955.715.900;20.551.753.539.519.200;4.0;36.453.222.304.612.700;82;81;2;4;1;0;1
MHS558;1;2.500.400.147.249.480;3.109.898.367.499.050;31.828.242.933.279.500;26.869.994.369.306.000;75;68;1;2;0;0;1
MHS559;0;2.875.317.949.187.020;4.0;2.0;3.178.108.354.907.230;122;119;2;4;1;1;1
MHS560;1;27.224.939.402.751.500;36.654.036.210.172.000;3.582.561.869.910.060;3.010.940.660.285.650;90;79;2;5;0;1;1
MHS561;1;22.425.378.623.149.700;2.599.466.504.800.080;3.382.724.619.216.130;32.556.266.392.697.800;130;119;2;3;1;0;1
MHS562;1;30.146.257.398.509.300;2.864.861.619.494.910;2.946.940.242.215.330;38.523.255.029.640.600;79;56;4;4;1;1;1
MHS563;0;28.287.114.639.592.200;21.172.085.987.812.400;3.749.097.643.457.570;2.934.846.704.325.440;126;107;4;3;1;1;1
MHS564;0;33.588.967.475.619.000;27.322.890.613.333.200;30.823.039.226.540.700;29.791.314.338.117.600;94;84;3;1;0;1;1
MHS565;1;2.960.466.329.067.720;2.710.437.945.182.120;27.595.831.052.440.100;33.480.839.985.796.400;102;98;2;3;0;0;1
MHS566;1;3.645.106.905.997.120;2.354.824.457.627.820;3.605.834.243.005.460;2.225.771.271.615.860;99;88;1;1;0;1;1
MHS567;0;31.402.661.702.776.200;35.080.467.608.234.800;24.678.892.448.322.400;34.976.056.112.386.900;88;71;1;5;0;1;1
MHS568;0;26.263.108.856.268.500;27.343.180.665.681.500;2.913.918.442.860.970;25.695.494.457.532.400;77;60;1;4;1;1;1
MHS569;1;26.148.085.306.419.300;2.384.930.878.120.950;3.096.280.117.266.310;35.723.798.057.261.400;145;144;3;3;1;1;1
MHS570;0;32.118.417.998.135.700;33.919.821.239.446.200;27.926.921.251.115.100;34.720.030.713.307.400;92;85;2;3;0;1;1
MHS571;0;3.164.466.446.962.040;34.201.595.637.924.200;3.125.147.655.091.520;340.455.803.412.096;122;109;2;1;1;0;1
MHS572;0;33.818.488.579.240.200;3.563.687.005.222.770;2.542.859.344.601.670;2.712.027.594.288.130;139;139;4;2;1;1;1
MHS573;0;2.953.508.604.205.240;2.877.060.622.124.780;2.413.365.221.998.030;2.947.604.041.552.630;109;97;3;2;1;1;1
MHS574;0;27.066.084.852.452.500;34.971.680.399.389.600;2.0;30.707.202.564.616.700;123;96;4;2;0;1;1
MHS575;1;28.840.869.153.787.600;2.336.900.922.178.550;36.832.364.211.716.700;29.740.674.165.972.100;144;135;2;3;0;0;1
MHS576;0;35.088.432.063.681.700;3.385.125.223.985.530;33.246.823.421.687.600;34.056.017.639.313.300;74;46;3;5;0;1;1
MHS577;1;29.337.171.613.275.500;28.137.155.788.117.700;22.792.400.865.180.800;27.380.500.858.280.300;136;128;1;4;1;0;1
MHS578;0;4.0;32.856.238.297.942.400;33.220.949.302.687.700;2.217.708.486.943.220;110;98;2;3;1;1;1
MHS579;1;26.207.685.188.500.600;25.148.616.080.320.800;3.729.102.244.193.700;2.418.269.184.050.000;86;71;3;2;1;0;1
MHS580;1;38.421.742.580.624.900;35.000.108.575.464.100;3.848.716.090.668.380;2.659.558.547.746.050;142;139;3;1;0;1;0
MHS581;1;2.859.098.809.656.630;30.492.491.740.123.400;3.077.024.038.850.880;29.788.157.947.291.600;120;110;2;0;1;1;1
MHS582;1;38.929.355.621.520.500;3.148.527.885.745.950;3.346.699.852.935.940;2.955.416.709.182.510;99;96;3;5;0;1;1
MHS583;1;2.969.798.135.401.540;35.638.901.253.169.400;3.043.055.434.129.480;26.265.383.574.649.100;125;122;3;3;0;1;1
MHS584;0;27.278.182.092.454.500;34.656.704.615.915.000;30.356.621.580.622.400;2.0;106;94;3;5;0;1;1
MHS585;1;28.035.289.990.967.900;26.394.749.852.385.000;29.235.944.414.663.200;3.754.123.701.592.500;76;52;4;4;1;0;1
MHS586;1;2.009.924.770.472.500;27.491.355.475.355.600;29.642.313.939.677.400;26.783.378.021.176.700;79;74;3;3;1;0;1
MHS587;0;31.391.743.173.223.300;27.453.933.187.004.300;25.768.201.400.565.100;2.707.546.173.291.110;118;110;1;4;1;0;1
MHS588;1;4.0;264.197.828.186.208;27.916.873.471.922.600;2.968.438.493.444.370;119;119;1;5;1;0;1
MHS589;1;36.420.478.969.740.500;2.0;2.0;27.520.609.139.949.200;75;51;1;1;0;0;1
MHS590;1;2.0;3.285.589.703.109.600;31.218.286.118.513.500;2.454.895.796.600.280;139;115;1;2;1;0;1
MHS591;0;36.164.605.475.236.200;3.168.496.455.447.200;24.768.197.674.358.900;2.0;94;82;2;4;0;1;1
MHS592;1;39.117.457.346.497.200;2.881.049.624.115.410;22.695.203.728.588.200;267.579.321.249.858;142;126;1;1;0;0;1
MHS593;1;3.022.745.738.165.370;32.791.682.116.058.500;39.283.237.182.809.700;27.591.170.144.532.600;86;82;3;1;0;1;0
MHS594;0;3.223.727.771.066.480;28.460.488.288.647;2.741.206.973.766.860;2.850.870.256.342.540;138;121;2;0;0;1;1
MHS595;1;3.643.312.905.051.760;26.950.076.892.407.200;2.801.841.816.715.790;24.345.498.537.528.600;148;121;1;3;1;1;1
MHS596;0;37.210.028.988.267.500;30.337.029.434.189.000;36.318.834.230.277.300;25.017.920.084.168.400;118;106;1;1;0;0;1
MHS597;0;27.627.005.156.981.100;27.651.976.717.590.700;36.086.375.449.452.800;302.270.558.655.882;101;75;4;1;0;0;1
MHS598;0;35.285.081.414.740.600;30.993.972.941.694.200;3.815.785.868.827.370;33.109.729.054.761.000;140;137;2;3;1;0;1
MHS599;0;3.819.395.965.666.960;3.305.029.383.778.100;31.287.150.380.290.000;25.146.196.682.987.200;74;61;4;5;1;0;1
MHS600;1;3.360.546.398.243.040;2.835.942.333.415.720;28.311.746.352.034.200;2.824.777.257.881.890;100;78;4;3;0;1;1
MHS601;0;29.339.317.055.492.200;2.738.134.348.614.280;2.320.712.992.371.260;2.460.131.839.362.070;81;72;1;3;1;1;1
MHS602;1;30.425.610.286.489.000;37.974.767.257.026.600;3.061.070.357.037.020;3.758.371.144.060.880;86;83;3;5;0;0;1
MHS603;0;26.104.536.303.116.400;31.016.179.772.930.100;27.711.833.753.311.900;30.928.442.902.093.600;114;89;3;5;1;1;1
MHS604;0;22.579.716.675.378.300;2.895.765.894.729.790;36.033.040.774.319.500;2.236.416.071.705.170;135;132;2;0;1;1;1
MHS605;0;3.824.891.843.120.400;2.640.759.740.120.050;270.736.659.955.523;2.379.822.873.924.510;93;88;4;2;0;0;1
MHS606;1;243.141.061.209.872;25.535.852.013.409.600;3.766.466.685.267.770;3.016.353.878.134.380;137;124;2;4;0;1;1
MHS607;0;2.721.535.596.157.510;26.699.840.216.370.800;26.502.576.104.195.900;33.542.801.574.283.200;112;86;2;5;0;0;1
MHS608;0;3.130.313.928.800.010;31.493.272.241.297.400;30.804.421.914.958.800;2.538.703.666.586.230;82;59;2;0;0;1;1
MHS609;1;2.169.458.292.216.410;32.516.260.323.747.500;2.0;28.413.247.538.787.300;80;51;3;4;1;1;1
MHS610;1;27.744.183.899.978.500;3.873.688.179.854.950;2.976.158.432.379.380;27.777.504.858.948.900;135;130;1;3;0;1;1
MHS611;1;3.971.094.806.346.880;20.316.023.556.338.800;27.961.611.942.127.500;2.083.245.228.004.070;139;111;3;2;1;1;1
MHS612;1;3.295.721.075.875.920;33.401.101.802.383.400;3.153.701.784.859.840;25.876.938.747.826.100;141;137;1;3;0;1;1
MHS613;1;27.371.845.330.073.000;3.016.203.506.670.060;2.663.757.201.996.830;311.163.541.796.013;133;124;3;1;0;1;1
MHS614;1;27.498.069.549.397.800;3.219.250.884.782.860;30.393.888.639.331.600;3.526.960.455.703.220;110;95;3;4;0;1;1
MHS615;0;31.901.955.269.489.500;2.708.846.436.034.400;2.310.453.803.460.180;3.535.541.540.364.010;96;71;4;1;0;0;1
MHS616;0;3.287.952.218.466.160;29.252.842.569.944.500;35.611.017.838.488.500;31.848.867.185.575.200;95;80;3;2;0;1;1
MHS617;0;2.888.592.150.140.150;3.121.151.137.331.920;2.313.221.804.033.930;2.0;133;105;4;2;0;1;1
MHS618;1;21.302.990.140.316.300;24.737.599.615.017.900;33.761.624.465.137.100;31.794.448.799.734.200;132;130;3;3;0;0;1
MHS619;0;3.262.402.898.195.340;3.747.706.831.237.680;29.178.046.174.635.400;2.941.392.713.131.430;133;124;1;0;1;1;0
MHS620;1;2.652.840.594.780.580;2.235.083.545.898.360;2.899.701.092.534.530;32.675.225.958.519.900;118;116;2;4;1;1;1
MHS621;0;3.417.910.534.362.420;35.226.557.150.519.700;2.830.311.496.850.940;2.926.030.349.046.200;74;45;3;2;1;0;1
MHS622;1;3.500.683.228.145.430;31.322.922.680.145.500;29.369.341.198.380.700;3.483.655.616.519.100;124;114;1;1;1;0;0
MHS623;1;4.0;30.198.458.786.659.200;26.327.133.067.137.100;2.0;140;135;1;2;1;0;1
MHS624;0;28.937.493.176.544.100;3.589.474.199.618.330;3.298.379.323.150.920;2.0;84;55;2;1;0;1;1
MHS625;1;2.879.516.434.143.990;31.433.964.487.720.900;32.871.602.470.373.500;2.936.608.702.810.790;110;103;1;5;1;1;1
MHS626;1;21.097.714.239.967.400;31.705.192.552.537.700;21.843.627.522.159.100;27.982.634.700.034.900;141;119;1;4;1;0;1
MHS627;1;25.653.738.223.920.400;2.828.517.416.921.670;31.915.410.785.224.000;25.976.203.266.906.300;96;96;3;1;1;1;1
MHS628;0;39.336.121.021.561.500;36.216.171.652.397.300;33.535.930.925.250.400;34.895.927.177.948.600;71;60;2;4;1;0;1
MHS629;1;34.493.089.197.993.200;2.315.818.453.972.980;30.997.426.497.214.500;2.959.525.896.878.070;72;59;3;2;1;1;1
MHS630;1;34.319.733.186.349.300;29.941.382.483.954.000;27.695.838.301.016.100;281.328.515.249.191;104;81;4;3;1;1;1
MHS631;1;25.901.339.390.948.500;34.216.650.549.307.200;3.085.942.417.125.660;3.459.275.411.896.830;80;80;3;1;0;1;0
MHS632;0;2.920.663.247.260.370;36.261.835.483.303.800;3.276.884.231.407.710;28.237.878.724.681.300;102;98;4;1;0;0;0
MHS633;0;31.236.564.905.698.000;2.250.204.224.570.900;25.078.001.870.659.000;32.923.198.491.345.500;146;146;4;2;1;1;1
MHS634;1;34.172.463.603.523.000;2.080.733.438.755.130;4.0;4.0;138;120;2;2;0;1;1
MHS635;0;36.733.217.157.172.400;23.693.940.740.738.400;3.986.405.377.359.040;3.207.588.301.161.530;113;107;3;4;1;1;1
MHS636;0;3.211.439.423.376.660;2.0;28.861.853.692.575.900;24.561.590.617.311.600;118;114;2;3;1;1;1
MHS637;1;2.454.551.705.013.610;3.397.150.565.988.500;29.090.540.407.433.100;30.690.953.183.920.000;85;82;4;4;0;1;1
MHS638;0;3.067.623.270.175.610;2.611.658.569.950.440;29.424.316.982.543.500;2.544.161.769.599.050;112;96;1;4;1;0;1
MHS639;0;29.497.621.397.141.400;2.971.304.648.499.220;32.052.750.426.638.000;288.446.526.127.116;147;123;3;5;1;1;1
MHS640;0;24.163.757.202.527.500;35.257.316.595.040.500;2.547.847.093.252.670;29.527.588.429.277.500;149;139;2;2;0;1;1
MHS641;1;34.094.018.878.686.300;3.078.978.801.390.470;3.865.425.772.934.980;2.582.524.815.856.160;121;117;4;3;1;1;1
MHS642;0;270.179.429.601.556;28.504.091.137.862.800;34.044.596.346.963.500;2.707.772.354.074.780;126;98;2;0;1;1;1
MHS643;1;32.374.118.724.948.100;2.0;3.267.584.154.637.370;31.376.887.439.027.100;104;82;3;0;1;0;1
MHS644;1;33.627.641.865.189.900;30.683.359.355.814.400;3.613.968.673.692.660;29.941.698.220.555.900;127;118;4;1;1;1;0
MHS645;0;36.493.650.543.201.000;2.642.521.574.951.970;245.666.900.448.554;300.004.951.092.591;124;122;1;2;1;0;1
MHS646;1;28.032.235.633.754.300;34.549.978.910.606.100;3.439.073.967.669.260;2.876.814.070.793.320;145;129;4;1;0;0;1
MHS647;1;24.539.292.032.856.300;28.731.619.612.288.000;28.274.176.472.751.000;3.244.627.267.538.160;99;92;2;0;0;0;1
MHS648;0;3.720.972.502.900.940;2.743.812.879.661.650;30.279.319.699.222.400;28.451.751.430.059.600;131;113;4;1;1;0;1
MHS649;0;2.685.363.604.613.040;32.187.205.388.327.900;28.184.796.132.952.700;329.726.053.772.826;85;63;3;1;1;1;1
MHS650;1;33.199.517.004.917.600;23.420.571.288.368.800;2.846.470.840.545.640;36.003.794.807.684.500;91;77;1;3;0;0;1
MHS651;0;30.575.580.348.928.300;287.206.309.204.211;30.347.695.544.465.500;39.508.178.854.159.800;117;117;1;5;1;0;1
MHS652;1;2.887.171.809.643.870;36.945.121.814.813.800;3.318.662.341.511.530;38.081.500.213.609.500;141;114;2;0;0;1;1
MHS653;0;33.445.015.720.207.000;2.740.724.196.394.450;2.461.997.174.930.540;2.0;81;79;2;5;0;0;1
MHS654;1;26.001.850.879.164.800;2.876.143.078.748.520;25.447.796.447.165.800;4.0;124;98;1;3;1;0;1
MHS655;0;2.852.603.774.613.730;25.316.532.600.947.300;366.428.973.571.073;22.844.018.887.106.800;88;86;2;0;1;1;1
MHS656;0;32.341.216.490.357.600;2.989.911.674.149.360;3.010.846.027.763.140;2.526.811.006.321.090;106;94;4;2;1;1;1
MHS657;0;2.481.466.963.215.000;3.332.684.467.516.410;2.601.931.598.406.750;25.249.682.512.669.300;129;120;1;2;1;1;1
MHS658;0;29.586.424.880.517.500;31.215.458.638.303.400;34.756.531.221.497.400;3.263.448.961.832.890;95;67;3;1;1;1;1
MHS659;0;33.943.924.915.636.500;3.131.540.400.856.110;25.189.005.253.391.600;3.162.669.647.987.490;134;114;3;1;0;1;1
MHS660;0;2.953.847.303.099.610;3.778.153.694.240.130;3.245.039.814.125.740;3.273.827.885.959.590;115;94;3;5;0;0;1
MHS661;0;30.632.064.147.168.000;24.111.944.960.941.100;393.655.221.231.239;348.903.593.364.855;106;88;4;3;0;0;1
MHS662;0;3.434.547.643.122.660;24.772.798.668.125.900;21.598.118.040.398.300;3.527.267.881.679.700;121;109;1;4;1;0;1
MHS663;0;31.053.004.196.488.200;275.576.195.994.482;3.796.334.999.141.440;3.009.672.035.405.870;139;131;1;2;0;0;1
MHS664;0;2.820.773.697.006.420;322.480.412.385.498;26.238.599.977.424.100;30.974.024.575.803.100;104;93;2;4;1;1;1
MHS665;0;33.841.669.961.451.500;26.878.008.598.732.100;2.0;30.643.264.739.771.000;102;95;4;1;1;1;1
MHS666;1;29.174.385.388.890.800;2.586.742.414.376.970;3.292.341.640.958.960;28.148.872.040.668.200;78;71;2;1;0;1;1
MHS667;0;31.449.121.582.752.300;3.296.716.879.812.050;2.863.175.106.160.990;27.556.208.113.102.800;149;141;2;1;0;1;0
MHS668;0;272.648.787.449.517;29.506.911.781.797.200;2.794.015.065.443.480;2.108.389.259.358.100;98;76;1;5;0;0;1
MHS669;0;33.227.938.560.870.900;30.096.906.188.490.100;2.0;3.391.314.913.158.250;88;68;3;4;1;0;1
MHS670;1;31.395.419.291.725.900;31.457.818.383.409.800;2.154.664.186.196.770;2.510.750.227.066.690;130;109;1;2;0;1;1
MHS671;0;33.174.519.057.924.600;4.0;31.913.598.965.285.200;3.022.979.698.059.380;80;54;4;1;0;0;1
MHS672;1;32.430.923.957.809.600;20.253.141.223.387.800;2.0;3.369.590.247.350.780;90;73;3;3;1;0;1
MHS673;1;2.868.626.626.156.740;2.202.053.015.712.940;26.304.856.709.883.800;332.616.516.908.834;122;94;2;2;1;1;1
MHS674;0;3.378.244.177.158.040;20.429.699.647.062.600;33.297.256.205.568.000;25.980.257.926.362.500;148;136;2;0;1;1;1
MHS675;1;32.294.456.981.809.400;2.773.759.720.006.790;23.465.750.712.724.900;28.505.898.062.871.700;98;89;4;0;1;1;1
MHS676;1;33.401.077.279.514.100;29.005.751.282.411.700;2.146.081.036.930.220;31.662.340.418.794.300;95;87;4;2;1;1;1
MHS677;1;31.072.672.135.146.000;38.737.774.538.116.300;28.911.909.099.142.500;2.916.865.553.139.810;132;122;3;0;1;0;0
MHS678;1;271.207.906.415.053;31.702.312.232.418.200;38.727.753.550.725.000;34.606.590.244.190.700;106;92;1;1;0;1;1
MHS679;1;3.342.794.873.149.200;29.291.757.069.949.300;35.831.852.728.346.200;3.265.487.830.982.040;144;117;4;1;0;1;1
MHS680;0;3.160.688.159.540.720;27.607.308.497.885.200;3.259.531.111.802.460;25.112.626.815.306.300;136;116;3;5;1;1;1
MHS681;0;26.614.048.811.733.500;32.077.753.707.371.100;28.619.886.757.222.100;3.134.359.263.652.330;119;97;1;4;1;1;1
MHS682;1;22.940.741.458.390.200;2.880.618.640.055.870;39.655.555.344.312.600;3.429.488.513.021.650;87;87;4;2;0;1;1
MHS683;0;30.223.038.622.171.400;3.628.539.884.240.530;4.0;35.687.695.065.753.100;81;69;2;1;0;0;1
MHS684;0;28.423.985.369.182.600;2.880.923.532.478.070;3.292.065.742.409.400;33.069.331.730.703.900;75;49;2;4;1;1;1
MHS685;1;2.573.806.616.962.940;3.237.682.805.346.000;33.162.271.083.211.500;27.629.109.124.480.100;126;116;4;3;0;0;1
MHS686;0;31.137.479.378.660.200;3.317.983.875.355.860;25.889.619.940.860.300;23.903.577.667.389.000;93;86;2;5;0;0;1
MHS687;1;28.504.975.189.587.700;27.454.161.150.375.100;4.0;34.135.801.559.326.000;95;71;1;1;0;0;1
MHS688;1;27.517.341.322.590.100;24.232.537.870.076.000;31.339.218.189.331.600;25.882.325.146.870.700;73;64;2;3;1;0;1
MHS689;0;2.911.353.288.405.040;29.987.992.248.757.200;2.0;3.012.083.076.025.090;89;71;4;3;0;1;1
MHS690;0;3.802.253.790.082.700;24.711.988.996.075.300;26.663.576.322.718.500;2.659.708.556.966.660;88;63;1;2;1;0;1
MHS691;1;3.060.430.939.513.190;2.565.604.126.420.240;28.385.567.977.106.900;32.972.499.033.747.700;96;89;2;3;0;0;1
MHS692;0;31.215.758.573.116.200;32.932.803.840.534.300;3.968.777.150.981.160;2.0;144;129;2;3;1;1;1
MHS693;0;33.607.904.475.588.200;2.856.363.753.942.260;30.854.140.397.118.100;32.203.924.661.710.800;71;43;1;1;1;1;1
MHS694;0;3.288.790.090.165.960;36.514.927.493.584.600;3.535.511.973.180.380;31.636.446.346.417.000;88;62;1;2;1;0;1
MHS695;1;35.293.903.367.451.200;3.099.065.825.567.930;32.397.208.458.716.300;2.965.123.285.385.600;78;55;3;2;1;0;1
MHS696;0;34.003.827.133.697.900;2.803.909.219.401.200;28.367.045.862.745.800;34.155.599.989.969.500;124;111;4;1;1;1;1
MHS697;0;2.468.413.322.130.320;3.207.316.447.620.660;30.848.158.530.928.100;4.0;109;108;4;3;0;0;1
MHS698;0;4.0;3.145.123.282.833.510;25.367.664.908.794.400;2.519.935.630.675.850;129;113;1;4;0;1;1
MHS699;0;3.124.964.513.131.590;2.719.258.487.616.980;2.535.430.604.512.090;36.893.611.133.500.300;89;65;3;5;1;1;1
MHS700;0;2.942.598.875.620.460;328.338.586.309.209;2.671.313.723.002.630;2.975.517.484.570.770;118;94;3;5;1;1;1
MHS701;0;2.571.089.485.910.680;29.170.008.146.897.100;2.885.473.221.683.940;24.990.215.716.520.800;73;45;2;3;1;0;1
MHS702;0;356.214.268.416.526;3.714.030.388.561.620;32.453.310.783.049.200;3.230.633.971.704.670;76;55;1;2;1;0;1
MHS703;1;2.722.277.603.567.490;3.010.932.871.091.110;33.936.612.528.232.600;30.647.698.196.030.200;142;134;2;4;0;0;1
MHS704;0;29.710.461.250.615.400;2.632.441.599.637.700;29.070.377.595.256.100;22.003.026.189.028.400;97;70;3;0;1;1;1
MHS705;1;23.927.911.631.112.100;3.228.119.398.683.650;38.056.478.834.551.300;348.297.154.273.612;94;82;3;4;0;0;1
MHS706;0;335.786.712.058.542;4.0;4.0;26.566.423.284.983.500;136;107;1;4;0;1;1
MHS707;1;2.914.807.117.305.900;25.935.882.048.317.100;34.140.294.074.466.500;35.355.402.502.014.000;111;100;4;5;1;0;1
MHS708;1;3.406.658.036.300.870;29.452.727.005.813.400;38.659.623.411.611.900;2.0;89;74;1;2;1;1;1
MHS709;1;30.647.309.675.625.900;200.716.832.209.822;346.999.040.904.641;28.052.286.027.084.200;86;72;1;1;1;1;1
MHS710;1;30.714.748.050.576.900;31.133.558.431.702.800;3.153.219.417.127.580;30.016.049.338.817.400;112;93;3;1;1;1;1
MHS711;1;31.467.404.764.369.800;27.467.959.458.495.400;36.515.324.901.662.200;27.416.969.073.632.100;100;90;2;0;1;0;0
MHS712;1;3.772.905.213.582.080;3.549.264.311.107.060;32.389.196.016.444.700;29.362.111.437.238.600;149;128;2;5;1;1;1
MHS713;0;24.491.529.737.214.500;32.862.259.675.061.300;24.465.547.977.251.700;3.981.398.121.685.300;123;112;2;1;0;1;0
MHS714;0;29.995.366.868.849.200;2.739.288.977.957.680;2.680.136.535.109.310;30.735.517.632.342.000;130;128;3;5;1;1;1
MHS715;0;3.444.576.912.393.900;2.439.124.448.572.050;2.616.567.980.997.720;30.340.361.346.243.100;128;112;4;1;0;1;1
MHS716;1;3.016.249.931.443.930;3.402.796.917.497.580;303.770.887.130.623;2.487.535.966.707.110;109;91;3;1;0;0;1
MHS717;1;33.225.189.277.244.900;29.937.933.902.372.000;2.383.193.287.982.040;20.507.384.849.677.100;118;102;4;4;1;0;1
MHS718;1;27.061.222.237.501.700;2.308.922.015.362.260;34.796.786.797.522.400;29.309.883.622.751.100;124;100;3;1;0;0;1
MHS719;1;3.095.496.873.885.300;30.212.741.289.951.500;23.615.721.117.794.500;34.742.542.716.317.600;126;114;3;2;1;0;1
MHS720;0;31.767.112.619.027.700;286.143.226.537.989;31.827.476.015.455.500;34.964.612.717.594.500;100;99;3;0;0;1;0
MHS721;0;2.748.447.887.789.290;4.0;30.443.531.195.223.700;31.157.649.519.014.300;106;90;1;3;1;0;1
MHS722;0;3.516.940.527.462.100;2.796.269.946.354.190;34.539.811.568.135.200;30.617.399.045.822.900;139;111;2;0;0;0;1
MHS723;1;26.382.100.381.799.500;2.999.738.738.165.980;34.180.728.278.528.800;3.726.857.048.439.730;139;123;1;4;0;1;1
MHS724;1;25.653.565.065.056.700;2.994.566.431.482.510;3.068.676.239.703.510;4.0;87;78;4;2;0;0;1
MHS725;0;20.613.880.365.274;2.925.576.242.418.940;32.199.129.035.155.400;21.247.961.322.762.400;105;101;2;4;0;1;1
MHS726;0;31.549.473.896.903.100;23.632.072.257.017.000;27.926.865.497.140.600;2.502.413.020.050.380;90;78;2;4;0;0;1
MHS727;1;29.375.565.573.249.600;30.078.488.979.788.700;31.093.296.533.786.400;27.768.397.423.828.200;85;62;4;4;1;1;1
MHS728;1;4.0;30.199.211.610.940.800;2.0;3.042.100.504.169.680;82;82;1;1;0;0;0
MHS729;0;20.767.134.760.977.900;27.856.727.365.417.300;35.147.202.779.635.200;28.315.524.366.074.300;117;104;4;3;1;0;1
MHS730;0;3.500.064.667.876.990;4.0;2.145.418.222.404.770;361.487.756.527.899;144;120;1;1;1;1;1
MHS731;0;26.833.574.073.269.200;32.930.395.171.701.800;3.098.589.871.902.810;26.136.128.032.528.100;106;101;1;5;1;1;1
MHS732;0;27.430.496.866.755.700;2.400.524.301.003.060;38.923.875.195.925.400;30.067.251.823.096.400;117;112;1;5;1;0;1
MHS733;1;2.816.420.740.023.060;29.083.328.282.496.000;36.269.334.444.118.700;2.602.281.026.181.510;140;130;4;3;0;0;1
MHS734;0;4.0;31.958.201.199.444.600;33.382.393.343.865.200;28.653.239.476.366.200;124;96;1;1;1;1;1
MHS735;1;32.566.862.843.190.100;23.121.921.421.596.200;27.221.516.614.690.500;31.339.683.926.872.700;144;130;1;3;1;1;1
MHS736;1;3.409.686.634.069.700;3.211.944.741.221.990;25.171.086.835.680.200;2.730.713.163.351.680;112;87;3;5;1;1;1
MHS737;0;33.059.963.159.572.400;21.371.628.733.124.400;2.012.664.552.706.440;26.254.603.916.743.500;89;61;3;4;1;1;1
MHS738;0;2.919.400.988.836.430;3.330.684.731.593.070;26.645.566.320.545.900;34.445.513.892.914.800;93;80;4;4;0;1;1
MHS739;1;2.332.068.797.915.690;33.620.682.796.572.400;3.645.379.212.061.210;4.0;134;118;3;2;0;0;1
MHS740;0;22.647.552.243.843.700;2.368.615.112.150.710;2.612.062.588.416.750;30.394.820.228.340.400;128;119;2;3;0;1;1
MHS741;1;2.925.357.372.638.170;2.089.039.725.339.630;25.640.861.167.210.500;3.678.216.855.082.860;71;55;2;3;0;0;1
MHS742;1;36.613.722.334.425.600;2.915.438.657.178.590;3.039.786.767.471.080;33.794.122.080.818.000;109;97;4;0;0;1;1
MHS743;1;27.847.811.536.495.100;28.359.270.775.867.100;2.494.098.239.495.610;34.052.487.495.751.300;149;145;4;0;0;0;1
MHS744;0;28.637.949.916.981.500;36.168.621.391.680.900;25.974.524.094.847.400;30.942.378.805.090.500;131;124;1;4;0;1;1
MHS745;1;29.171.402.856.632.800;2.995.672.673.039.740;29.850.174.667.556.200;2.912.117.198.037.340;73;69;4;4;0;0;1
MHS746;1;2.927.380.329.636.100;3.485.696.551.071.540;32.044.395.003.159.300;2.723.686.044.961.880;142;115;3;0;0;0;1
MHS747;1;21.952.395.084.595.100;26.513.454.246.504.800;2.092.229.185.237.330;32.684.878.484.718.700;140;117;3;3;0;0;1
MHS748;0;2.637.906.867.029.070;2.971.157.198.551.320;38.088.746.552.621.000;37.799.688.511.864.100;106;105;1;5;0;1;1
MHS749;1;4.0;32.182.648.339.062.800;2.548.489.708.677.700;24.998.037.152.572.500;97;94;2;5;1;1;1
MHS750;0;34.998.574.016.327.200;25.509.153.084.239.400;31.304.115.838.387.600;29.875.836.661.481.200;108;91;1;4;0;0;1
MHS751;1;2.659.516.108.357.260;2.231.680.549.525.190;30.970.275.331.918.700;35.462.110.011.471.700;130;121;2;3;0;0;1
MHS752;0;24.472.076.454.930.200;34.334.730.829.552.900;2.815.085.455.727.740;28.360.317.388.112.400;82;69;3;3;1;1;1
MHS753;0;3.731.242.854.239.790;30.897.912.297.315.800;312.607.775.283.381;3.630.506.988.290.000;119;115;2;5;0;0;1
MHS754;0;29.442.546.064.374.400;3.720.902.664.507.950;28.192.113.442.783.000;2.747.640.294.906.440;123;98;1;2;0;1;1
MHS755;0;33.764.613.326.439.100;341.070.032.349.588;24.666.586.483.470.600;30.249.930.176.783.300;70;50;4;1;0;0;1
MHS756;0;3.231.616.523.352.010;2.905.893.768.947.200;23.590.742.982.786.600;22.015.458.339.397.200;107;81;3;4;0;1;1
MHS757;1;23.346.474.343.345.300;2.0;26.502.927.299.383.500;30.808.492.633.523.700;86;68;1;2;0;1;1
MHS758;0;3.866.881.345.760.770;3.030.072.338.641.500;23.604.192.923.228.300;26.970.657.769.183.500;88;63;2;0;1;0;1
MHS759;0;24.061.173.800.412.300;2.801.338.373.724.310;32.671.824.493.181.900;30.455.468.031.279.500;104;96;1;4;1;1;1
MHS760;1;28.973.579.902.518.700;3.559.274.972.127.660;27.367.341.564.519.700;27.382.120.057.967.000;109;84;4;4;0;0;1
MHS761;0;3.033.381.062.677.190;2.602.276.382.066.500;2.969.190.977.603.860;3.614.525.153.173.800;144;116;1;2;0;1;1
MHS762;1;29.146.266.802.508.400;2.0;2.271.659.279.337.950;27.892.029.687.211.900;88;81;4;2;0;1;1
MHS763;0;23.332.630.864.111.300;25.757.916.359.191;2.752.366.489.529.400;3.607.210.401.734.330;90;79;1;2;1;0;1
MHS764;0;25.746.933.735.240.200;27.294.965.671.085.500;33.778.329.193.721.500;28.890.558.643.538.600;109;104;3;5;1;1;1
MHS765;1;3.147.828.700.423.350;2.861.736.759.802.440;30.676.035.405.318.200;35.167.819.775.325.900;142;139;4;0;0;1;0
MHS766;1;3.191.918.021.727.660;34.507.493.880.790.200;2.382.353.338.057.150;30.209.892.166.883.000;146;134;2;3;0;1;1
MHS767;1;260.057.384.946.871;35.285.683.844.004.600;3.476.015.065.718.650;4.0;84;84;1;5;1;0;1
MHS768;1;29.150.738.211.611.300;38.183.699.809.153.100;29.083.496.452.369.000;2.990.102.827.739.640;81;62;4;5;1;0;1
MHS769;0;25.601.012.835.460.500;2.270.288.870.758.420;2.0;30.497.259.484.563.300;99;73;4;1;0;1;1
MHS770;1;33.055.422.817.227.700;3.145.100.612.292.510;2.864.316.402.268.620;35.549.886.360.988.300;84;65;2;5;1;1;1
MHS771;1;3.603.997.019.930.190;2.0;3.790.635.975.809.570;279.666.577.906.154;121;100;4;0;0;1;1
MHS772;1;3.367.670.577.098.890;30.309.540.520.149.900;3.147.780.300.893.370;31.445.110.253.027.000;74;52;1;0;1;1;1
MHS773;1;26.065.966.715.518.000;26.077.519.638.052.300;38.996.255.228.430.900;34.294.473.983.299.300;136;127;1;0;0;0;0
MHS774;0;21.978.755.220.400.700;2.340.190.845.783.330;2.538.713.863.820.640;3.776.979.454.456.420;84;82;3;4;0;1;1
MHS775;1;2.665.932.034.984.190;2.609.363.750.152.800;2.689.430.955.593.800;34.312.011.443.794.400;71;49;3;2;0;1;1
MHS776;0;28.819.038.916.917.700;31.712.492.334.552.000;25.651.109.835.974.800;35.486.040.227.821.100;120;112;1;4;0;0;1
MHS777;1;29.857.240.077.321.500;30.593.395.420.338.400;3.220.259.803.190.450;2.540.515.439.472.610;79;76;4;5;0;0;1
MHS778;1;27.925.876.458.637.300;3.321.752.587.026.050;30.828.048.076.168.100;4.0;142;113;2;5;0;0;1
MHS779;0;29.682.132.304.069.300;2.274.536.054.444.380;3.037.788.186.335.010;3.524.432.070.937.680;88;66;1;5;1;1;1
MHS780;1;26.877.447.724.557.100;3.373.490.420.052.350;3.015.745.781.130.990;3.345.036.838.168.300;113;98;2;4;1;0;1
MHS781;0;2.451.977.251.873.270;2.205.728.819.137.220;30.706.455.137.035.500;2.957.111.742.413.840;141;114;3;3;1;0;1
MHS782;0;2.325.911.477.286.250;30.078.411.182.358.100;39.501.342.121.554.800;35.115.282.776.261.100;133;114;3;4;1;1;1
MHS783;1;3.042.319.889.271.600;27.806.927.393.868.700;2.095.336.503.569.320;31.007.000.466.340.800;79;71;3;3;0;1;1
MHS784;1;26.230.689.431.545.100;3.191.326.775.738.740;35.624.662.726.516.200;21.286.140.130.594.700;116;111;3;0;1;1;1
MHS785;1;22.782.214.829.081.300;33.434.376.116.014.400;32.430.842.989.832.500;2.837.350.537.838.210;108;81;2;4;0;0;1
MHS786;1;2.563.683.234.943.030;3.240.676.998.946.700;26.645.082.677.526.900;3.510.750.948.834.290;78;72;2;4;1;0;1
MHS787;0;297.682.787.697.022;37.775.558.096.546.500;32.047.396.930.990.200;36.935.036.595.624.600;102;87;2;0;0;1;1
MHS788;1;29.575.704.775.053.200;30.869.005.824.386.600;39.969.314.696.162.900;27.722.698.080.768.900;92;71;2;2;0;0;1
MHS789;0;33.356.986.856.706.400;358.939.816.389.276;4.0;24.968.870.760.917.600;103;79;3;5;1;0;1
MHS790;0;36.666.936.501.102.100;32.909.369.784.116.000;28.402.549.647.136.600;32.714.366.740.518.300;147;129;3;5;0;1;1
MHS791;1;35.007.811.398.816.900;25.515.691.093.746.500;2.0;29.897.939.283.669.300;122;99;3;5;1;1;1
MHS792;1;29.467.354.474.029.500;2.190.221.985.616.290;28.626.988.367.397.800;3.436.591.570.389.300;93;68;1;3;1;1;1
MHS793;1;30.036.813.407.117.800;22.607.265.315.006.000;27.561.832.895.225.100;22.818.730.675.359.400;130;104;1;3;1;0;1
MHS794;0;23.473.207.372.078.100;2.942.357.899.573.390;2.781.898.903.259.340;26.842.154.587.357.100;141;139;3;0;1;1;1
MHS795;0;3.225.544.106.252.780;27.666.270.947.124.700;24.578.781.231.941.400;30.613.660.808.191.300;120;106;4;5;1;0;1
MHS796;1;34.469.119.775.708.800;3.162.013.386.058.510;29.577.388.454.914.300;2.061.503.302.274.450;140;122;3;3;1;0;1
MHS797;1;2.864.282.332.218.800;30.964.039.191.984.900;30.132.861.417.209.200;2.866.503.604.912.100;148;135;1;2;1;0;1
MHS798;1;2.947.516.146.218.180;33.063.953.707.916.400;29.872.529.357.074.000;2.891.420.596.431.570;79;71;3;3;1;0;1
MHS799;0;256.608.263.303.529;3.253.401.546.879.750;3.807.997.031.281.610;3.413.014.395.853.390;106;101;2;2;0;0;1
MHS800;0;31.972.899.927.421.000;27.871.221.976.742.000;32.252.478.618.890.100;28.691.208.548.894.500;143;117;2;0;1;1;1
MHS801;0;26.700.118.075.052.700;35.410.813.887.552.000;28.216.751.364.008.500;36.197.888.175.804.000;125;104;1;2;1;1;1
MHS802;1;34.696.567.194.242.300;29.354.695.317.190.400;3.104.700.680.998.960;2.719.522.011.305.780;90;63;1;0;0;0;1
MHS803;0;2.685.928.130.415.410;3.049.466.893.514.440;316.917.872.096.798;25.037.109.966.355.800;110;81;1;0;1;1;1
MHS804;0;28.080.626.293.346.000;31.011.402.038.106.000;2.991.052.511.495.820;25.117.999.756.681.000;101;92;2;2;0;0;1
MHS805;1;3.134.865.353.581.400;29.563.353.177.981.900;3.257.128.539.306.340;3.594.666.417.156.240;105;77;1;0;1;1;1
MHS806;1;34.349.358.088.106.100;25.052.460.875.722.500;2.0;2.745.275.671.664.490;106;93;2;0;1;0;1
MHS807;0;30.390.600.347.980.400;3.172.811.059.304.650;28.221.588.841.947.200;2.622.944.794.520.830;142;121;4;0;1;0;1
MHS808;1;2.804.681.734.624.320;30.917.232.881.090.600;27.126.017.911.977.500;2.691.683.220.072.270;127;101;4;5;0;1;1
MHS809;1;2.0;31.367.643.855.708.800;34.245.713.029.660.900;2.362.740.446.346.310;100;90;4;3;1;1;1
MHS810;1;2.532.539.575.296.880;20.659.888.564.602.800;37.647.454.234.443.000;3.520.925.305.159.880;96;92;2;0;0;1;1
MHS811;1;2.371.676.374.685.470;3.084.256.701.166.710;31.894.168.163.447.300;33.476.886.182.008.600;134;123;4;2;0;1;1
MHS812;0;2.644.347.583.410.160;32.382.443.815.826.800;3.024.024.918.882.790;3.582.453.128.818.300;149;134;3;1;1;1;1
MHS813;1;31.094.819.579.279.800;2.579.089.184.065.920;2.0;33.420.816.043.044.700;88;82;1;2;0;1;1
MHS814;1;32.767.841.358.818.100;32.253.785.058.561.700;392.865.810.037.258;36.228.247.821.184.800;100;100;2;2;0;1;1
MHS815;1;2.799.287.226.213.940;31.060.182.559.414.600;3.175.373.848.523.820;23.776.857.664.208.800;147;120;1;2;1;0;1
MHS816;0;315.682.018.370.391;333.301.728.669.493;3.336.312.880.435.970;38.853.528.253.668.900;138;128;4;2;1;0;1
MHS817;1;27.319.907.106.098.000;28.954.600.409.618.900;29.316.008.800.073.100;25.760.234.717.154.800;114;103;1;4;0;0;1
MHS818;1;2.065.598.470.858.760;32.077.375.757.531.200;2.554.811.470.869.960;3.313.805.606.296.220;138;135;2;3;0;1;1
MHS819;0;36.493.487.001.584.500;4.0;31.690.334.560.698.200;33.229.860.814.097.600;70;68;4;4;1;0;1
MHS820;0;2.671.432.518.860.970;26.511.405.480.508.700;26.732.685.521.375.900;280.672.919.205.112;73;57;2;1;0;0;1
MHS821;1;32.865.146.680.257.000;32.276.990.854.891.000;26.759.054.264.663.200;32.545.629.975.250.500;112;92;2;0;1;0;1
MHS822;1;34.907.664.376.495.600;31.374.563.553.937.500;23.045.529.343.706.100;27.588.292.123.936.300;88;75;1;5;1;0;1
MHS823;0;3.535.049.242.413.630;30.833.907.222.012.400;31.695.445.804.023.900;3.170.269.028.686.210;108;108;1;4;0;1;1
MHS824;0;3.018.770.920.743.410;3.545.902.669.537.320;29.648.898.192.411.900;2.0;79;56;2;0;0;0;1
MHS825;0;28.037.191.533.350.800;3.105.640.362.220.770;2.514.081.405.297.650;3.420.083.492.544.960;138;115;3;4;1;0;1
MHS826;1;3.214.556.732.564.550;33.980.237.870.428.700;2.732.702.250.673.810;26.139.207.649.092.500;125;105;3;0;0;0;1
MHS827;1;29.426.207.990.508.100;3.273.007.959.175.610;32.419.772.602.110.400;30.032.590.374.894.500;138;133;2;1;1;0;0
MHS828;1;3.255.324.495.532.560;28.360.633.517.665.200;23.444.569.688.154.000;31.283.214.085.721.800;85;65;1;1;0;1;1
MHS829;1;33.020.704.635.308.900;2.005.038.516.652.130;33.995.340.612.581.900;33.494.844.002.075.600;78;69;3;1;1;0;1
MHS830;0;25.211.840.762.601.200;34.733.832.839.532.900;2.879.227.000.345.300;35.763.661.956.261.600;90;72;1;5;0;0;1
MHS831;1;27.244.552.139.203.800;2.995.455.416.608.280;32.462.810.889.293.700;27.706.695.164.121.600;78;54;1;0;1;0;1
MHS832;1;37.641.602.930.341.800;2.747.462.805.794.820;29.754.904.147.591.800;3.275.579.887.211.570;137;108;4;2;0;0;1
MHS833;1;38.672.165.458.936.900;25.123.795.374.498.600;4.0;27.028.250.736.301.900;96;84;4;5;1;1;1
MHS834;1;3.425.562.049.190.110;36.119.279.592.712.900;31.689.777.770.725.100;27.038.795.775.935.900;124;96;4;2;1;1;1
MHS835;1;34.735.069.820.798.000;2.542.640.247.335.290;373.690.616.683.294;3.436.031.853.466.630;149;120;4;2;1;0;1
MHS836;0;31.199.288.729.246.400;3.243.154.996.675.110;2.500.779.573.561.640;3.811.628.345.264.020;78;70;1;2;0;1;1
MHS837;0;2.344.690.909.724.310;27.239.752.392.212.300;3.194.939.377.857.440;35.840.556.721.185.500;145;140;1;4;0;1;1
MHS838;1;27.624.260.663.802.600;35.867.554.291.796.700;33.821.980.066.385.100;25.627.381.036.544.600;124;117;3;1;1;0;0
MHS839;0;28.575.438.260.612.600;33.200.848.180.615.200;24.873.330.547.337.700;3.279.668.662.263.830;149;135;2;0;0;1;1
MHS840;0;33.202.813.765.367.600;283.154.911.863.702;2.951.023.627.007.410;3.615.085.293.998.530;85;66;1;3;0;0;1
MHS841;1;2.684.430.828.934.980;31.365.190.540.831.200;25.725.715.987.272.100;3.642.397.711.917.150;119;96;4;0;0;1;1
MHS842;1;30.945.878.692.826.800;25.234.804.208.928.500;301.718.588.051.513;2.711.228.234.200.330;115;113;1;5;0;0;1
MHS843;0;3.535.757.967.790.510;22.467.329.849.048.000;20.172.220.542.617.400;27.064.423.646.899.200;124;120;1;5;1;0;1
MHS844;0;2.977.362.596.266.150;2.477.801.719.065.540;3.527.018.155.425.440;33.502.818.374.466.800;119;99;3;5;0;0;1
MHS845;1;34.101.161.991.529.900;3.408.653.101.869.160;3.477.042.551.078.310;3.609.240.107.435.840;110;84;2;4;0;0;1
MHS846;1;23.274.927.580.346.600;25.694.751.639.172.100;36.885.904.682.522.800;35.100.182.534.510.400;85;81;3;4;0;1;1
MHS847;0;3.004.288.001.001.210;31.654.396.607.117.500;30.195.281.513.461.000;33.730.854.922.821.300;74;62;1;2;0;0;1
MHS848;1;28.173.595.708.980.500;4.0;30.900.355.188.479.900;28.635.333.398.872.400;144;134;1;3;1;1;1
MHS849;0;3.803.213.548.966.120;32.342.778.845.295.000;24.937.269.617.428.600;31.117.886.787.513.300;149;146;1;3;0;0;1
MHS850;0;33.694.116.417.251.800;3.640.166.151.935.860;27.777.833.535.385.400;2.928.672.900.955.390;116;95;4;5;0;0;1
MHS851;0;28.643.622.000.760.800;26.806.761.803.785.200;2.150.865.163.796.480;27.580.861.278.219.600;143;128;3;4;0;0;1
MHS852;1;29.322.368.655.105.600;3.386.157.292.220.350;30.168.615.514.606.800;3.151.441.638.359.650;88;88;4;5;1;0;1
MHS853;1;33.516.565.307.287.900;29.388.383.089.336.200;38.231.841.980.374.900;4.0;137;127;4;0;1;1;0
MHS854;1;308.803.964.446.569;3.516.387.876.279.210;38.848.885.663.126.800;30.641.093.642.966.400;141;128;4;3;0;1;1
MHS855;1;2.529.262.723.797.220;2.0;36.584.278.298.099.400;2.886.791.634.327.360;107;107;2;4;1;1;1
MHS856;0;3.231.131.232.227.100;2.383.711.972.692.250;289.840.963.168.956;26.138.410.786.385.800;129;101;1;0;1;1;1
MHS857;1;2.588.351.965.371.140;287.354.161.364.034;30.161.271.145.304.700;3.908.303.081.777.730;98;77;1;4;1;0;1
MHS858;1;3.375.978.831.405.730;25.928.640.769.333.100;36.712.302.976.454.600;33.511.038.059.089.700;114;102;2;1;1;1;1
MHS859;1;299.171.579.508.874;33.416.622.557.580.400;3.295.372.167.755.160;28.899.431.343.725.800;90;90;3;2;0;1;1
MHS860;0;3.946.095.880.416.530;25.581.404.296.544.600;26.134.851.451.986.400;25.646.361.141.781.200;85;62;1;0;1;0;1
MHS861;0;33.622.958.893.615.600;322.424.272.709.822;29.207.311.537.917.700;25.409.904.691.805.100;125;121;3;3;1;0;1
MHS862;0;30.717.132.834.287.400;3.435.762.193.043.960;2.374.400.431.683.160;2.233.740.861.585.160;108;102;2;5;0;0;1
MHS863;1;2.0;2.403.793.623.321.750;25.075.610.753.469.800;2.875.357.071.361.990;73;52;2;4;0;0;1
MHS864;0;29.471.059.489.676.100;3.619.278.998.077.820;2.274.058.162.249.120;27.551.524.149.258.800;82;80;3;1;1;0;1
MHS865;0;35.615.265.987.632.300;3.193.633.650.217.260;24.801.854.607.905.400;29.918.413.938.269.800;105;97;2;1;0;0;0
MHS866;0;30.229.602.462.238.800;3.628.219.433.689.510;310.407.498.582.337;24.652.566.897.603.200;124;112;4;0;0;0;0
MHS867;0;27.238.693.739.436.900;2.451.428.175.185.590;4.0;39.337.310.020.806.700;121;100;4;0;1;1;1
MHS868;1;28.072.679.713.894.100;3.117.045.680.728.880;4.0;3.274.337.577.022.840;146;125;3;2;1;0;1
MHS869;0;2.457.038.735.355.180;28.448.894.963.751.300;3.710.791.428.336.330;30.084.125.331.439.000;114;93;3;3;0;0;1
MHS870;1;21.499.901.160.948.900;2.966.513.820.138.730;30.965.040.951.660.200;3.482.300.878.651.840;120;102;3;4;0;1;1
MHS871;0;2.771.751.350.765.810;3.642.218.526.388.690;3.521.922.721.086.330;29.893.273.489.137.900;107;97;3;0;0;0;0
MHS872;0;3.395.827.103.046.760;24.406.169.185.930.700;3.883.512.247.197.930;2.467.877.644.033.380;81;60;4;2;0;1;1
MHS873;0;26.975.466.180.359.100;32.488.941.547.088.800;32.687.060.014.101.900;3.321.150.617.505.580;148;143;1;2;0;0;1
MHS874;0;30.420.523.448.914.000;26.997.270.672.700.800;2.416.967.062.031.100;32.967.144.444.242.600;86;70;4;3;0;1;1
MHS875;1;31.329.662.931.591.300;30.704.588.241.173.700;3.075.516.454.527.560;2.679.840.620.410.290;107;105;2;1;0;1;1
MHS876;0;2.818.826.221.226.940;33.709.111.471.950.600;2.954.015.766.898.470;24.590.428.156.434.300;113;109;3;4;1;1;1
MHS877;0;34.551.078.918.323.700;29.082.359.139.214.200;23.954.006.443.801.900;302.837.084.164.841;142;122;1;1;0;0;1
MHS878;1;27.028.945.638.091.600;2.691.928.270.975.520;24.799.006.445.222.600;3.349.407.835.140.230;133;124;1;4;0;0;1
MHS879;1;2.559.490.825.522.330;3.193.867.500.967.240;3.284.423.804.734.210;31.285.974.261.140.000;80;79;2;0;1;1;0
MHS880;0;288.920.015.280.748;22.795.091.827.375.400;3.479.408.153.233.830;35.638.431.472.582.100;86;61;4;0;0;1;1
MHS881;1;25.947.356.850.891.800;3.428.487.768.491.390;2.965.776.753.666.790;3.014.387.782.040.490;147;144;1;4;1;0;1
MHS882;1;3.550.665.082.444.770;33.581.700.402.702.000;4.0;27.355.266.186.376.500;79;68;1;1;1;0;1
MHS883;0;3.475.646.081.801.290;21.275.261.566.660.800;38.200.736.130.127.800;28.475.307.169.430.500;103;99;4;4;0;1;1
MHS884;0;27.312.115.294.996.200;3.561.519.648.815.730;23.586.852.840.365.200;3.358.539.518.498.080;132;112;2;2;1;1;1
MHS885;0;3.072.874.809.768.430;36.789.107.875.581.000;29.686.664.542.722.500;2.674.562.313.652.120;95;81;3;3;0;1;1
MHS886;0;2.928.170.235.051.440;2.917.459.717.498.470;30.158.797.282.907.200;3.037.836.770.306.690;146;119;1;2;1;1;1
MHS887;1;2.309.582.940.012.330;3.572.339.672.815.090;20.040.563.673.642.900;2.358.333.834.688.840;90;86;4;0;1;0;1
MHS888;0;27.001.681.728.205.000;2.017.983.921.014.540;2.133.563.174.177.180;39.505.603.656.338.000;103;103;2;1;0;0;1
MHS889;0;3.220.041.962.448.830;2.132.348.776.697.840;31.235.164.351.116.600;38.656.715.945.479.000;111;83;1;2;0;1;1
MHS890;0;3.247.300.888.082.490;31.502.827.364.199.500;3.734.696.031.581.060;2.0;139;130;4;3;1;1;1
MHS891;0;4.0;23.072.953.040.909.300;30.146.344.919.524.100;32.156.725.499.388.800;72;53;2;4;1;1;1
MHS892;0;3.628.551.390.327.590;3.168.467.165.072.020;2.366.551.643.536.700;321.933.398.127.913;135;110;1;1;1;1;1
MHS893;1;2.0;28.943.511.914.807.800;25.673.580.638.036.000;35.552.530.709.883.200;88;73;2;0;1;1;1
MHS894;0;2.560.526.498.376.070;3.148.275.660.715.650;23.545.283.748.373.900;346.150.661.844.725;99;87;3;1;0;0;1
MHS895;1;3.368.812.965.065.250;2.647.060.492.969.890;31.798.245.789.410.500;304.146.027.965.479;138;119;4;5;0;0;1
MHS896;1;3.767.860.645.401.550;34.653.618.553.505.800;348.938.044.075.367;28.750.360.315.595.500;130;112;2;5;1;0;1
MHS897;0;28.834.515.394.814.200;32.740.631.643.636.400;3.113.883.500.702.430;21.755.120.810.543.400;73;66;3;2;1;0;1
MHS898;1;3.367.342.559.819.130;39.069.280.684.990.800;2.298.062.320.046.190;2.0;110;94;3;5;0;1;1
MHS899;0;29.386.072.927.260.300;30.478.983.628.148.200;2.437.986.907.634.690;3.281.589.348.942.220;88;66;3;3;0;1;1
MHS900;0;3.392.073.208.176.740;25.509.863.868.377.700;26.169.773.987.998;27.693.664.747.508.400;140;124;1;4;1;1;1
MHS901;1;2.646.617.605.173.790;3.181.643.638.171.990;26.623.814.955.576.800;2.390.945.696.024.800;141;118;1;4;1;1;1
MHS902;1;3.328.600.550.648.020;2.930.365.646.666.200;3.756.265.351.151.270;2.434.218.696.726.830;133;133;3;0;1;0;0
MHS903;1;26.056.517.453.953.600;3.686.702.971.175.120;31.588.977.753.616.800;26.682.351.643.453.800;81;61;2;4;1;0;1
MHS904;1;27.506.368.499.630.800;2.665.039.677.780.750;2.499.126.283.645.140;27.612.423.288.782.200;94;85;3;2;0;1;1
MHS905;0;2.283.338.035.809.650;3.060.663.641.372.810;3.703.619.068.383.880;2.885.953.384.001.480;101;81;3;5;0;1;1
MHS906;1;35.925.098.189.762.000;2.364.845.636.558.220;2.827.313.377.239.320;38.513.223.346.861;84;80;3;4;0;0;1
MHS907;0;35.326.881.361.298.000;2.870.977.242.194.410;36.342.916.178.237.300;32.457.063.781.777.600;125;96;3;2;1;1;1
MHS908;1;298.312.718.910.098;29.564.166.864.567.400;3.823.425.043.345.890;37.594.388.444.149.100;117;109;3;3;1;1;1
MHS909;1;24.421.875.437.550.300;2.992.010.278.558.040;3.157.200.210.363.590;3.406.305.151.946.630;143;125;4;0;0;0;1
MHS910;0;273.229.226.482.989;2.686.931.734.375.530;32.695.265.252.029.100;32.817.987.266.199.800;145;117;2;1;0;1;1
MHS911;0;2.0;21.370.701.608.625.900;2.929.906.184.330.170;30.490.389.602.331.900;106;78;4;3;1;0;1
MHS912;0;2.888.760.933.350.070;3.034.061.425.070.320;3.241.889.417.001.380;3.275.667.108.044.870;78;49;4;5;0;0;1
MHS913;1;37.284.563.064.771.500;32.376.444.046.592.900;3.249.842.918.069.070;36.299.280.954.515.600;95;83;2;1;0;1;1
MHS914;1;3.369.704.744.308.230;2.797.155.810.096.870;3.308.211.052.407.360;32.125.666.233.568.600;121;115;1;5;1;1;1
MHS915;0;2.642.389.524.100.300;2.951.685.231.901.660;29.301.005.404.946.200;3.060.789.500.269.690;90;87;4;5;1;1;1
MHS916;0;28.485.573.781.005.000;3.673.049.897.257.120;2.903.347.886.776.010;3.735.792.541.284.940;141;118;3;0;1;0;1
MHS917;0;2.405.298.687.987.280;31.339.856.719.125.600;32.601.902.075.337.300;29.641.496.024.129.200;142;133;4;0;1;1;1
MHS918;1;33.878.232.463.968.700;2.849.704.862.655.690;4.0;2.0;133;110;1;3;1;1;1
MHS919;0;3.797.088.978.102.000;30.517.690.769.745.800;37.155.760.588.808.700;28.699.818.749.097.700;83;77;2;2;0;0;1
MHS920;1;3.450.991.442.660.840;3.792.383.117.029.920;20.364.154.384.606.200;4.0;111;101;3;2;0;1;1
MHS921;0;23.552.597.063.951.500;3.029.224.740.352.820;345.631.016.127.022;32.108.584.665.015.400;100;73;2;3;1;1;1
MHS922;0;2.595.137.582.116.350;3.093.900.169.021.260;2.606.412.965.006.500;3.101.679.729.999.380;88;70;4;2;0;1;1
MHS923;0;2.068.342.800.848.000;35.088.649.380.549.000;3.421.877.235.853.680;2.691.647.768.777.970;138;118;2;1;0;0;1
MHS924;0;2.0;3.940.401.759.396.650;30.305.142.917.781.600;218.876.733.455.372;107;81;1;3;0;1;1
MHS925;0;33.670.339.559.279.300;3.382.676.919.708.020;25.405.210.826.502.300;27.498.927.421.245.600;110;108;4;4;1;1;1
MHS926;1;28.033.088.511.276.700;26.187.910.246.985.400;26.198.181.793.919.300;2.803.194.208.983.490;123;113;1;0;1;1;1
MHS927;1;23.497.832.098.141.500;2.831.072.966.374.600;3.611.474.277.395.420;2.553.732.700.805.510;148;119;3;4;0;0;1
MHS928;1;23.789.104.651.357.500;28.375.581.890.041.300;3.311.466.134.905.980;3.905.163.795.361.340;77;62;2;0;1;1;1
MHS929;0;3.136.398.312.265.890;3.396.995.254.750.530;31.881.299.280.285.900;3.103.821.749.925.170;125;102;3;0;1;0;1
MHS930;1;29.443.405.756.010.900;3.149.542.867.010.550;34.165.788.833.147.100;2.684.875.352.497.780;128;108;2;4;0;0;1
MHS931;0;32.099.418.630.308.500;3.050.378.818.489.990;3.130.412.800.317.190;3.240.372.913.778.140;91;91;2;4;0;0;1
MHS932;0;3.468.028.083.968.000;33.884.683.514.657.500;30.152.382.069.603.100;25.513.734.969.193.700;147;122;4;3;1;0;1
MHS933;1;27.974.535.421.315.200;33.503.468.264.049.700;2.595.470.735.259.430;20.807.735.046.453.500;102;96;1;0;0;1;1
MHS934;0;2.444.110.850.432.770;25.168.104.531.039.600;33.872.902.488.658.700;30.895.570.056.842.300;120;103;3;1;0;0;1
MHS935;1;2.959.685.595.775.090;3.399.805.813.028.120;29.183.460.224.992.400;35.929.145.993.710.800;131;109;1;4;1;0;1
MHS936;1;3.960.477.333.540.120;29.396.518.757.964.800;2.0;33.250.382.882.629.800;90;83;1;4;0;0;1
MHS937;0;31.049.863.107.623.100;37.298.274.147.927.500;25.847.438.508.612.200;27.989.592.624.379.600;137;117;4;1;1;0;1
MHS938;1;28.866.330.949.862.500;30.964.829.261.343.400;31.389.934.072.386.100;3.526.663.119.704.790;105;100;4;3;0;1;1
MHS939;0;2.596.204.329.950.850;28.882.637.473.815.300;24.775.818.430.484.600;38.919.612.976.008.800;83;74;4;1;0;1;1
MHS940;0;3.408.877.754.786.590;23.947.060.615.904.400;32.350.546.045.978.400;29.592.870.094.872.700;126;103;4;2;0;0;1
MHS941;0;21.446.983.227.817.400;2.803.454.899.649.260;2.216.005.867.219.860;2.253.768.864.997.000;73;72;2;2;1;0;1
MHS942;1;252.269.094.902.497;32.591.094.752.227.000;2.746.905.469.457.330;29.102.427.125.637.500;95;78;3;2;0;1;1
MHS943;1;3.185.537.087.161.710;2.756.559.589.415.180;30.903.699.437.152.800;37.091.042.447.488.200;72;54;4;2;1;1;1
MHS944;1;3.120.057.248.860.930;3.203.453.362.928.310;3.855.700.877.892.060;4.0;78;62;2;0;0;0;1
MHS945;1;38.257.222.304.714.700;29.904.931.310.702.700;30.425.185.288.302.000;30.362.282.985.629.200;133;112;3;2;0;1;1
MHS946;0;280.525.027.886.818;2.484.303.902.856.750;2.594.633.373.483.430;2.095.024.171.096.130;71;46;3;5;1;1;1
MHS947;1;36.009.658.347.697.700;30.043.942.213.160.300;3.028.932.023.713.370;28.672.036.833.687.900;129;104;3;2;1;0;1
MHS948;1;21.894.958.577.118.300;2.651.085.355.873.050;32.687.926.535.219.000;3.276.500.835.951.820;79;53;3;2;0;1;1
MHS949;0;23.801.811.726.401.000;20.812.218.992.500.200;4.0;3.918.152.076.156.620;106;91;3;0;1;1;1
MHS950;1;36.069.139.353.472.200;33.423.984.561.691.900;2.999.720.133.511.590;32.860.061.234.706.800;103;79;1;3;1;1;1
MHS951;0;3.260.971.982.329.390;29.394.383.797.201.100;3.230.909.691.023.420;2.992.753.634.671.120;88;62;1;3;0;1;1
MHS952;1;3.883.119.930.149.700;32.509.938.286.944.100;27.231.455.034.620.700;2.639.633.006.412.280;115;97;4;1;1;0;1
MHS953;1;2.744.044.669.257.390;3.025.226.592.225.960;29.994.236.668.559.600;23.545.325.615.947.100;88;61;1;3;0;0;1
MHS954;0;3.192.985.046.284.430;24.116.775.280.499.700;34.640.453.054.955.400;2.114.759.431.111.960;73;52;2;4;0;1;1
MHS955;0;3.935.537.241.154.050;25.745.579.554.805.500;4.0;3.218.563.389.865.520;136;130;4;3;1;0;1
MHS956;0;24.397.910.405.318.000;26.225.669.017.140.300;30.160.715.734.822.800;21.371.144.375.937.100;133;119;2;5;0;1;1
MHS957;0;2.690.919.775.658.180;34.492.558.522.757.800;2.587.083.613.380.970;3.923.197.960.299.620;88;81;3;0;1;0;0
MHS958;1;29.942.424.559.616.700;35.153.299.041.207.700;35.473.992.511.136.600;25.970.041.344.702.900;100;89;1;5;1;1;1
MHS959;1;3.754.031.823.076.030;35.614.460.616.519.600;33.142.589.570.503.800;2.428.169.600.168.140;80;68;3;1;1;1;1
MHS960;1;2.0;2.483.396.868.628.450;29.028.895.427.675.800;25.015.711.856.836.500;104;82;2;5;0;1;1
MHS961;0;3.505.419.867.510.150;4.0;2.377.756.775.055.560;3.224.913.606.863.250;147;120;3;5;1;0;1
MHS962;1;37.167.900.317.841.400;26.561.277.671.563.600;37.849.940.128.773.100;27.268.017.114.747.900;90;61;4;0;1;1;1
MHS963;0;3.286.062.858.804.190;32.979.656.735.195.800;28.666.934.933.602.300;25.100.671.021.512.800;86;72;1;2;1;1;1
MHS964;1;3.923.432.957.731.240;31.589.562.325.495.800;26.164.569.563.684.700;28.413.949.487.416.900;115;108;2;3;0;1;1
MHS965;1;2.784.675.373.623.080;3.403.174.205.537.460;33.984.024.165.285.300;39.525.115.417.677.000;77;55;1;1;0;0;1
MHS966;0;28.390.275.284.140.900;26.074.950.201.486.800;30.053.687.818.870.900;3.270.474.210.363.960;121;102;4;1;1;0;1
MHS967;1;2.966.361.267.543.230;24.626.694.802.835.600;26.088.230.387.490.000;34.265.826.532.065.900;119;98;2;3;1;1;1
MHS968;0;2.392.920.622.482.660;303.863.631.383.683;35.155.799.924.178.300;3.815.450.637.816.160;140;114;2;5;1;0;1
MHS969;0;3.338.926.987.420.510;38.231.646.038.477.200;35.039.284.487.274.500;20.663.632.241.823.600;136;130;1;5;1;1;1
MHS970;1;35.049.777.483.535.400;2.334.190.941.894.280;2.490.531.664.803.670;2.197.424.284.910.000;122;104;4;2;1;1;1
MHS971;1;4.0;3.048.577.893.543.120;3.558.340.637.533.760;3.116.047.318.964.260;94;93;4;3;1;0;1
MHS972;0;31.238.172.363.148.000;30.030.230.079.676.500;2.743.644.419.113.890;30.891.798.261.799.300;118;97;1;0;0;1;1
MHS973;1;3.061.363.950.506.760;2.992.650.265.435.490;39.214.037.791.557.800;2.317.828.303.277.840;115;107;2;2;1;1;1
MHS974;1;3.290.046.867.599.870;32.540.254.992.172.700;3.390.186.130.995.030;3.262.259.396.260.970;141;139;4;4;0;0;1
MHS975;1;28.615.553.221.155.900;26.641.396.053.709.600;2.372.919.506.502.190;27.224.916.492.279.400;102;102;2;3;1;1;1
MHS976;1;2.945.291.747.374.490;26.624.312.477.199.000;23.881.103.936.138.300;2.804.617.816.872.790;103;77;3;3;0;1;1
MHS977;0;26.690.511.419.066.000;30.020.996.886.646.100;3.021.364.065.252.970;3.347.018.202.738.360;145;121;2;4;1;0;1
MHS978;1;32.964.061.174.171.400;3.709.459.035.956.340;37.295.111.741.459.400;3.670.203.210.057.100;77;66;1;5;1;1;1
MHS979;1;2.875.727.315.243.610;31.154.710.387.033.400;3.036.141.215.116.070;3.165.156.527.315.940;82;64;4;0;0;0;1
MHS980;0;30.161.782.764.133.400;4.0;35.550.631.219.000.300;3.147.695.878.464.310;129;119;4;4;1;0;1
MHS981;1;2.917.135.183.432.260;28.892.983.371.927.900;3.183.943.638.579.250;27.816.767.613.572.800;77;49;4;0;1;1;1
MHS982;0;34.888.224.223.942.100;27.074.320.718.381.600;2.573.126.836.059.620;2.649.603.626.755.030;74;62;4;1;1;0;1
MHS983;1;2.418.011.945.238.440;2.821.040.236.203.690;33.808.107.987.993.800;3.364.676.339.872.310;137;136;2;5;0;1;1
MHS984;1;35.702.469.911.541.200;2.681.578.544.905.060;32.567.866.640.009.100;242.836.019.710.273;122;98;1;4;0;0;1
MHS985;0;32.428.579.206.769.900;3.804.356.941.524.440;22.233.583.737.365.100;33.329.744.189.170.300;99;71;4;0;0;1;1
MHS986;1;36.822.895.918.226.800;35.294.481.328.780.300;23.075.183.802.284.400;26.284.709.500.344.900;142;118;4;1;0;0;1
MHS987;1;37.296.089.197.359.900;2.543.043.027.618.210;32.501.604.662.279.300;3.446.171.220.779.740;86;84;1;4;0;1;1
MHS988;0;4.0;34.825.886.417.529.400;2.731.397.449.323.740;3.619.505.567.207.630;121;96;4;4;1;0;1
MHS989;1;2.761.561.769.678.080;38.385.579.350.934.300;2.269.749.550.290.750;35.956.303.408.159.100;89;81;3;4;0;0;1
MHS990;1;29.621.468.657.510.500;33.879.098.031.375.300;33.214.541.656.833.800;31.236.663.651.529.400;96;91;3;5;0;1;1
MHS991;1;35.094.070.018.042.300;2.425.311.706.067.020;2.868.894.784.982.760;30.998.329.798.864.400;137;118;3;1;0;0;1
MHS992;1;25.103.498.848.586.800;30.816.801.774.579.000;36.570.374.907.623.000;2.525.625.652.366;88;80;1;3;1;0;1
MHS993;1;2.579.753.507.246.650;3.343.619.225.197.640;2.782.105.135.188.180;25.792.752.429.354.900;91;74;2;3;0;0;1
MHS994;1;3.671.090.065.622.420;20.329.561.272.702.100;30.115.403.294.752.100;33.124.517.973.270.200;79;64;3;2;1;1;1
MHS995;1;32.603.232.123.645.300;2.916.170.508.685.440;2.492.913.028.086.360;35.238.801.821.206.800;108;94;1;3;1;1;1
MHS996;1;21.740.409.084.041.000;28.805.340.892.714.300;2.749.265.288.320.760;30.026.851.894.180.000;78;77;1;2;0;0;1
MHS997;0;2.0;3.151.313.815.764.900;34.140.052.030.817.300;33.507.692.291.791.900;92;78;3;0;0;0;1
MHS998;0;33.949.289.128.219.500;33.295.055.881.817.300;28.100.548.463.759.300;3.799.160.964.577.050;74;50;1;5;0;1;1
MHS999;1;2.941.404.474.297.720;27.781.127.607.811.500;34.876.690.905.521.800;3.132.295.312.290.700;129;105;3;5;1;1;1
MHS1000;1;23.866.387.113.907.200;30.407.112.329.122.600;2.899.539.781.099.710;28.790.267.999.274.200;149;148;4;0;0;0;1
